"Sentrix_ID","Tumor_Group","Color"
"201533610011_R03C01","ACT/ACC","#7049DE"
"201557510049_R01C01","ACT/ACC","#7049DE"
"201557510014_R02C01","ACT/ACC","#7049DE"
"201557510014_R04C01","ACT/ACC","#7049DE"
"201557510014_R03C01","ACT/ACC","#7049DE"
"201557510014_R06C01","ACT/ACC","#7049DE"
"201557510014_R07C01","ACT/ACC","#7049DE"
"201557510014_R08C01","ACT/ACC","#7049DE"
"201557510026_R01C01","ACT/ACC","#7049DE"
"201557510026_R02C01","ACT/ACC","#7049DE"
"201557510026_R03C01","ACT/ACC","#7049DE"
"201557510031_R03C01","ACT/ACC","#7049DE"
"201533610012_R03C01","ACT/ACC","#7049DE"
"201533610012_R08C01","ACT/ACC","#7049DE"
"201557510028_R02C01","ACT/ACC","#7049DE"
"201533610012_R07C01","ACT/ACC","#7049DE"
"201557510026_R07C01","ACT/ACC","#7049DE"
"201557510031_R01C01","ACT/ACC","#7049DE"
"201557510049_R02C01","ACT/ACC","#7049DE"
"201557510049_R03C01","ACT/ACC","#7049DE"
"201533610011_R04C01","ACT/ACC","#7049DE"
"201557510031_R07C01","ACT/ACC","#7049DE"
"201557510031_R06C01","ACT/ACC","#7049DE"
"201557510049_R04C01","ACT/ACC","#7049DE"
"201557510049_R07C01","ACT/ACC","#7049DE"
"201533610011_R02C01","ACT/ACC","#7049DE"
"201533610012_R04C01","ACT/ACC","#7049DE"
"201533610011_R06C01","ACT/ACC","#7049DE"
"201533610012_R01C01","ACT/ACC","#7049DE"
"201533610012_R05C01","ACT/ACC","#7049DE"
"201557510031_R04C01","ACT/ACC","#7049DE"
"201533610011_R08C01","ACT/ACC","#7049DE"
"204424030007_R07C01","ACT/ACC","#7049DE"
"204424030014_R08C01","ACT/ACC","#7049DE"
"204848240002_R02C01","ACT/ACC","#7049DE"
"204848240002_R03C01","ACT/ACC","#7049DE"
"204848060077_R05C01","ACT/ACC","#7049DE"
"204848060089_R01C01","ACT/ACC","#7049DE"
"204848060089_R08C01","ACT/ACC","#7049DE"
"204848060106_R01C01","ACT/ACC","#7049DE"
"204848060113_R01C01","ACT/ACC","#7049DE"
"204848060113_R03C01","ACT/ACC","#7049DE"
"204848240003_R01C01","ACT/ACC","#7049DE"
"204848240003_R02C01","ACT/ACC","#7049DE"
"205125590001_R08C01","ACT/ACC","#7049DE"
"205767050156_R02C01","ACT/ACC","#7049DE"
"205767050158_R04C01","ACT/ACC","#7049DE"
"206139130071_R04C01","ACT/ACC","#7049DE"
"206139130071_R05C01","ACT/ACC","#7049DE"
"206139130071_R06C01","ACT/ACC","#7049DE"
"206139130071_R07C01","ACT/ACC","#7049DE"
"206139130083_R01C01","ACT/ACC","#7049DE"
"206139130083_R02C01","ACT/ACC","#7049DE"
"206139130083_R03C01","ACT/ACC","#7049DE"
"206139130083_R04C01","ACT/ACC","#7049DE"
"206139130083_R05C01","ACT/ACC","#7049DE"
"206139130083_R08C01","ACT/ACC","#7049DE"
"206144080002_R02C01","ACT/ACC","#7049DE"
"206144080002_R03C01","ACT/ACC","#7049DE"
"206144080002_R04C01","ACT/ACC","#7049DE"
"206144080002_R05C01","ACT/ACC","#7049DE"
"206144080147_R04C01","ACT/ACC","#7049DE"
"206144080147_R07C01","ACT/ACC","#7049DE"
"206350360106_R07C01","ACT/ACC","#7049DE"
"206350360109_R01C01","ACT/ACC","#7049DE"
"206350360109_R03C01","ACT/ACC","#7049DE"
"206350360109_R04C01","ACT/ACC","#7049DE"
"206350360109_R05C01","ACT/ACC","#7049DE"
"206350360109_R06C01","ACT/ACC","#7049DE"
"206350360109_R07C01","ACT/ACC","#7049DE"
"206350360109_R08C01","ACT/ACC","#7049DE"
"206350360144_R01C01","ACT/ACC","#7049DE"
"206350360144_R03C01","ACT/ACC","#7049DE"
"206350360144_R04C01","ACT/ACC","#7049DE"
"206350360144_R05C01","ACT/ACC","#7049DE"
"206350360144_R06C01","ACT/ACC","#7049DE"
"206350360144_R07C01","ACT/ACC","#7049DE"
"206351500161_R05C01","ACT/ACC","#7049DE"
"206351500161_R06C01","ACT/ACC","#7049DE"
"206351500161_R07C01","ACT/ACC","#7049DE"
"206351500161_R08C01","ACT/ACC","#7049DE"
"206375080015_R01C01","ACT/ACC","#7049DE"
"206375080015_R05C01","ACT/ACC","#7049DE"
"206375080015_R07C01","ACT/ACC","#7049DE"
"206154070167_R03C01","ACT/ACC","#7049DE"
"206250290025_R02C01","ACT/ACC","#7049DE"
"206103060055_R04C01","ACT/ACC","#7049DE"
"206154070072_R07C01","ACT/ACC","#7049DE"
"202232290174_R07C01","DSRCT","#CA9488"
"202232290211_R03C01","DSRCT","#CA9488"
"202234380085_R04C01","DSRCT","#CA9488"
"202234380085_R02C01","MISC","#CA9488"
"202253660005_R01C01","EWS","#CA9488"
"202234380085_R08C01","DSRCT","#CA9488"
"202234380085_R07C01","EWS","#CA9488"
"202234380085_R06C01","DSRCT","#CA9488"
"202234380085_R05C01","DSRCT","#CA9488"
"201524770049_R01C01","DSRCT","#CA9488"
"206137480145_R06C01","DSRCT","#CA9488"
"206139120155_R03C01","DSRCT","#CA9488"
"206139120155_R04C01","DSRCT","#CA9488"
"206139120155_R05C01","DSRCT","#CA9488"
"206139120155_R06C01","DSRCT","#CA9488"
"206375080042_R07C01","DSRCT","#CA9488"
"206103060040_R02C01","DSRCT","#CA9488"
"206154070063_R08C01","DSRCT","#CA9488"
"206154070109_R06C01","DSRCT","#CA9488"
"206154070109_R07C01","MRT","#CA9488"
"206154070109_R08C01","EWS","#CA9488"
"206430120143_R08C01","DSRCT","#CA9488"
"206430120143_R03C01","DSRCT","#CA9488"
"201172520029_R06C01","EWS","#7EDE7A"
"201247470016_R03C01","EWS","#7EDE7A"
"201247490010_R07C01","EWS","#7EDE7A"
"201247490010_R06C01","EWS","#7EDE7A"
"201247490010_R05C01","EWS","#7EDE7A"
"201247490010_R04C01","EWS","#7EDE7A"
"201247470016_R06C01","EWS","#7EDE7A"
"201172520029_R08C01","EWS","#7EDE7A"
"201247470016_R05C01","EWS","#7EDE7A"
"201247490010_R03C01","EWS","#7EDE7A"
"201172520029_R07C01","EWS","#7EDE7A"
"201247490010_R02C01","EWS","#7EDE7A"
"201247470016_R08C01","EWS","#7EDE7A"
"204551190125_R02C01","EWS","#7EDE7A"
"204596820118_R01C01","EWS","#7EDE7A"
"204596820118_R03C01","EWS","#7EDE7A"
"204424040069_R03C01","EWS","#7EDE7A"
"204424040075_R07C01","EWS","#7EDE7A"
"204848060145_R05C01","EWS","#7EDE7A"
"204848060145_R06C01","EWS","#7EDE7A"
"204848060145_R07C01","EWS","#7EDE7A"
"204848060145_R08C01","EWS","#7EDE7A"
"204848240005_R01C01","EWS","#7EDE7A"
"204848240005_R02C01","EWS","#7EDE7A"
"204848240005_R03C01","EWS","#7EDE7A"
"204848240005_R04C01","EWS","#7EDE7A"
"204848240005_R07C01","EWS","#7EDE7A"
"204848240005_R08C01","EWS","#7EDE7A"
"204848240008_R01C01","EWS","#7EDE7A"
"204848240008_R02C01","EWS","#7EDE7A"
"204848240008_R05C01","EWS","#7EDE7A"
"204848240008_R06C01","EWS","#7EDE7A"
"204848240008_R07C01","EWS","#7EDE7A"
"204848240008_R08C01","EWS","#7EDE7A"
"204848240140_R06C01","EWS","#7EDE7A"
"205091240084_R05C01","EWS","#7EDE7A"
"205091240084_R07C01","EWS","#7EDE7A"
"205030240082_R03C01","EWS","#7EDE7A"
"205030240082_R04C01","EWS","#7EDE7A"
"205030240082_R05C01","EWS","#7EDE7A"
"205091240084_R08C01","EWS","#7EDE7A"
"205030240082_R08C01","EWS","#7EDE7A"
"205091240085_R01C01","EWS","#7EDE7A"
"205030240111_R02C01","EWS","#7EDE7A"
"205030240111_R03C01","EWS","#7EDE7A"
"205030240111_R04C01","EWS","#7EDE7A"
"205030240111_R05C01","EWS","#7EDE7A"
"205091240085_R02C01","EWS","#7EDE7A"
"205030240057_R04C01","EWS","#7EDE7A"
"205030240057_R06C01","EWS","#7EDE7A"
"205030240062_R02C01","EWS","#7EDE7A"
"205030240062_R03C01","EWS","#7EDE7A"
"205091240084_R01C01","EWS","#7EDE7A"
"205030240080_R02C01","EWS","#7EDE7A"
"205030240080_R05C01","EWS","#7EDE7A"
"205111140024_R02C01","EWS","#7EDE7A"
"205111140024_R03C01","EWS","#7EDE7A"
"205111140024_R04C01","EWS","#7EDE7A"
"205111140024_R05C01","EWS","#7EDE7A"
"205111140024_R06C01","EWS","#7EDE7A"
"205111140024_R07C01","EWS","#7EDE7A"
"205111140024_R08C01","EWS","#7EDE7A"
"205111140043_R01C01","EWS","#7EDE7A"
"205111140043_R02C01","EWS","#7EDE7A"
"205111140043_R04C01","EWS","#7EDE7A"
"205111140043_R05C01","EWS","#7EDE7A"
"205111140043_R06C01","EWS","#7EDE7A"
"205111140043_R08C01","EWS","#7EDE7A"
"205111140044_R01C01","EWS","#7EDE7A"
"205111140044_R02C01","EWS","#7EDE7A"
"205111140044_R04C01","EWS","#7EDE7A"
"205111140044_R05C01","EWS","#7EDE7A"
"205111140044_R06C01","EWS","#7EDE7A"
"205111140044_R07C01","EWS","#7EDE7A"
"205437190053_R01C01","EWS","#7EDE7A"
"205437190053_R04C01","EWS","#7EDE7A"
"205437190053_R05C01","EWS","#7EDE7A"
"205437190053_R06C01","EWS","#7EDE7A"
"205437190053_R07C01","EWS","#7EDE7A"
"205437190053_R08C01","EWS","#7EDE7A"
"205125590004_R07C01","EWS","#7EDE7A"
"205715830106_R05C01","EWS","#7EDE7A"
"205852210097_R06C01","MISC","#7EDE7A"
"205852210097_R08C01","EWS","#7EDE7A"
"205852210105_R01C01","EWS","#7EDE7A"
"205852210105_R03C01","EWS","#7EDE7A"
"205852210105_R04C01","EWS","#7EDE7A"
"205852220085_R08C01","EWS","#7EDE7A"
"205854120003_R01C01","EWS","#7EDE7A"
"205854120003_R02C01","EWS","#7EDE7A"
"205854120003_R04C01","EWS","#7EDE7A"
"205854120003_R06C01","EWS","#7EDE7A"
"205854120003_R07C01","EWS","#7EDE7A"
"205852210114_R03C01","EWS","#7EDE7A"
"205852210114_R05C01","EWS","#7EDE7A"
"205852210114_R06C01","EWS","#7EDE7A"
"205852210127_R03C01","EWS","#7EDE7A"
"205852210127_R06C01","EWS","#7EDE7A"
"205852210147_R01C01","EWS","#7EDE7A"
"205852210147_R03C01","EWS","#7EDE7A"
"205852210147_R05C01","EWS","#7EDE7A"
"205852210147_R06C01","EWS","#7EDE7A"
"205852210147_R08C01","EWS","#7EDE7A"
"205852220009_R01C01","EWS","#7EDE7A"
"205852220009_R04C01","EWS","#7EDE7A"
"206382220036_R04C01","EWS","#7EDE7A"
"206430120145_R01C01","EWS","#7EDE7A"
"206154070111_R01C01","EWS","#7EDE7A"
"206250410104_R02C01","EWS","#7EDE7A"
"206250290044_R01C01","EWS","#7EDE7A"
"204551190126_R08C01","LIVER","lightsalmon"
"204596820035_R07C01","LIVER","lightsalmon"
"204596820079_R08C01","LIVER","lightsalmon"
"204424040069_R04C01","LIVER","lightsalmon"
"204424040069_R07C01","LIVER","lightsalmon"
"204424030008_R03C01","LIVER","lightsalmon"
"204424040112_R03C01","LIVER","lightsalmon"
"205025380159_R03C01","LIVER","lightsalmon"
"205025380159_R05C01","LIVER","lightsalmon"
"205091240067_R01C01","LIVER","lightsalmon"
"205030230116_R08C01","LIVER","lightsalmon"
"205091240067_R03C01","LIVER","lightsalmon"
"205091240067_R04C01","LIVER","lightsalmon"
"205030230116_R05C01","LIVER","lightsalmon"
"205091240067_R05C01","LIVER","lightsalmon"
"205091240067_R06C01","LIVER","lightsalmon"
"205091240057_R01C01","LIVER","lightsalmon"
"205030230116_R07C01","LIVER","lightsalmon"
"205030230142_R02C01","LIVER","lightsalmon"
"205030230142_R04C01","LIVER","lightsalmon"
"205030230142_R05C01","LIVER","lightsalmon"
"205624880143_R03C01","LIVER","lightsalmon"
"205624880152_R07C01","LIVER","lightsalmon"
"205624870126_R01C01","LIVER","lightsalmon"
"205624870126_R02C01","LIVER","lightsalmon"
"205624870126_R05C01","LIVER","lightsalmon"
"205624870126_R07C01","LIVER","lightsalmon"
"205624880038_R01C01","LIVER","lightsalmon"
"205624880038_R02C01","LIVER","lightsalmon"
"205624880038_R03C01","LIVER","lightsalmon"
"205624880038_R04C01","LIVER","lightsalmon"
"205624880038_R06C01","LIVER","lightsalmon"
"205624880038_R07C01","LIVER","lightsalmon"
"205624880039_R01C01","LIVER","lightsalmon"
"205624880039_R02C01","LIVER","lightsalmon"
"205624880039_R04C01","LIVER","lightsalmon"
"205624880039_R08C01","LIVER","lightsalmon"
"205624880067_R01C01","LIVER","lightsalmon"
"205624880067_R02C01","LIVER","lightsalmon"
"205624880067_R04C01","LIVER","lightsalmon"
"205676380010_R07C01","LIVER","lightsalmon"
"205676380066_R03C01","LIVER","lightsalmon"
"205676380144_R01C01","LIVER","lightsalmon"
"205676380144_R02C01","LIVER","lightsalmon"
"205676380144_R03C01","LIVER","lightsalmon"
"205707890043_R02C01","LIVER","lightsalmon"
"205707890043_R04C01","LIVER","lightsalmon"
"205707890043_R07C01","MRT","lightsalmon"
"205707890043_R08C01","LIVER","lightsalmon"
"205707890044_R01C01","LIVER","lightsalmon"
"205707890044_R02C01","MRT","lightsalmon"
"205707890044_R03C01","LIVER","lightsalmon"
"205707890044_R06C01","LIVER","lightsalmon"
"205707890044_R07C01","LIVER","lightsalmon"
"205707890048_R06C01","LIVER","lightsalmon"
"205676380022_R01C01","LIVER","lightsalmon"
"205715830018_R02C01","LIVER","lightsalmon"
"205715830018_R03C01","LIVER","lightsalmon"
"205715830029_R02C01","LIVER","lightsalmon"
"205715830029_R06C01","LIVER","lightsalmon"
"205130650041_R02C01","LIVER","lightsalmon"
"205767050006_R02C01","LIVER","lightsalmon"
"205767050006_R03C01","LIVER","lightsalmon"
"205767050006_R04C01","LIVER","lightsalmon"
"205767050086_R02C01","LIVER","lightsalmon"
"205767050086_R04C01","LIVER","lightsalmon"
"205767050086_R05C01","LIVER","lightsalmon"
"205767050105_R02C01","LIVER","lightsalmon"
"205767050105_R03C01","LIVER","lightsalmon"
"205767050105_R04C01","LIVER","lightsalmon"
"205767050105_R06C01","LIVER","lightsalmon"
"205767050105_R08C01","LIVER","lightsalmon"
"205767050120_R03C01","LIVER","lightsalmon"
"205767050120_R04C01","LIVER","lightsalmon"
"205767050158_R06C01","LIVER","lightsalmon"
"205767050167_R02C01","LIVER","lightsalmon"
"205767050167_R03C01","LIVER","lightsalmon"
"205767050167_R05C01","LIVER","lightsalmon"
"205767050167_R06C01","LIVER","lightsalmon"
"205767050167_R07C01","LIVER","lightsalmon"
"205852210009_R02C01","LIVER","lightsalmon"
"206137480100_R01C01","LIVER","lightsalmon"
"206137480100_R03C01","LIVER","lightsalmon"
"206351500161_R03C01","LIVER","lightsalmon"
"205772280010_R02C01","LIVER","lightsalmon"
"205772280127_R05C01","LIVER","lightsalmon"
"205852220042_R06C01","LIVER","lightsalmon"
"204424040069_R05C01","MEL","#E07549"
"204076530042_R04C01","MEL","#E07549"
"204551190047_R03C01","MEL","#E07549"
"205437190001_R03C01","MEL","#E07549"
"205437190001_R04C01","MEL","#E07549"
"205437190001_R05C01","MEL","#E07549"
"205437190001_R07C01","MEL","#E07549"
"205437190001_R08C01","MEL","#E07549"
"205437190002_R03C01","MEL","#E07549"
"205437190002_R04C01","MEL","#E07549"
"205437190002_R05C01","MEL","#E07549"
"205437190002_R06C01","MEL","#E07549"
"205437190002_R07C01","MEL","#E07549"
"205437190002_R08C01","MEL","#E07549"
"205437190004_R01C01","MEL","#E07549"
"205437190004_R02C01","MEL","#E07549"
"205437190004_R03C01","MEL","#E07549"
"205437190004_R04C01","MEL","#E07549"
"205437190004_R06C01","MEL","#E07549"
"205437190005_R08C01","MEL","#E07549"
"205437190006_R01C01","MEL","#E07549"
"205437190006_R02C01","MEL","#E07549"
"205437190006_R03C01","MEL","#E07549"
"205715830107_R07C01","MEL","#E07549"
"206137480084_R05C01","MEL","#E07549"
"206137480084_R06C01","MEL","#E07549"
"206137480084_R07C01","MEL","#E07549"
"206137480056_R01C01","MEL","#E07549"
"206137480056_R03C01","MEL","#E07549"
"206137480096_R05C01","MEL","#E07549"
"206137480096_R06C01","MEL","#E07549"
"206137480096_R07C01","MEL","#E07549"
"206137480096_R08C01","MEL","#E07549"
"206137480107_R01C01","MEL","#E07549"
"206137480107_R02C01","MEL","#E07549"
"206137480107_R03C01","MEL","#E07549"
"206139130070_R08C01","MEL","#E07549"
"206144080021_R06C01","MEL","#E07549"
"206144080021_R08C01","MEL","#E07549"
"206144080100_R08C01","MEL","#E07549"
"206144080128_R01C01","MEL","#E07549"
"206144080128_R02C01","MEL","#E07549"
"206144080128_R03C01","MEL","#E07549"
"206144080128_R04C01","MEL","#E07549"
"206382220057_R01C01","MEL","#E07549"
"206382220057_R04C01","MEL","#E07549"
"206382220057_R06C01","MEL","#E07549"
"206382220057_R07C01","MEL","#E07549"
"206382220070_R02C01","MEL","#E07549"
"206382220070_R08C01","MEL","#E07549"
"206250290025_R03C01","MEL","#E07549"
"206250290044_R08C01","MEL","#E07549"
"205852220124_R03C01","MEL","#E07549"
"206154070060_R02C01","MEL","#E07549"
"206537460112_R03C01","MEL","#E07549"
"206535560041_R03C01","MEL","#E07549"
"201247470018_R07C01","MISC","#DDE051"
"201172520029_R04C01","MISC","#DDE051"
"201172520046_R04C01","MISC","#DDE051"
"204596820024_R08C01","MISC","#DDE051"
"204596820074_R04C01","MISC","#DDE051"
"204424040098_R01C01","MISC","#DDE051"
"204424030008_R04C01","MEL","#E07549"
"204551190040_R07C01","MISC","#DDE051"
"204848060070_R04C01","MISC","#DDE051"
"205091240039_R01C01","MISC","#DDE051"
"205025380038_R06C01","MISC","#DDE051"
"205130650041_R01C01","MISC","#DDE051"
"205111140064_R05C01","MISC","#DDE051"
"205111140055_R06C01","MISC","#DDE051"
"205111140055_R03C01","MISC","#DDE051"
"205111140064_R02C01","MISC","#DDE051"
"204963470111_R05C01","SS","green"
"204963470073_R06C01","MISC","#DDE051"
"204963470111_R04C01","MISC","#DDE051"
"204963470179_R08C01","MISC","#DDE051"
"204964480042_R01C01","MISC","#DDE051"
"204964480042_R03C01","MISC","#DDE051"
"204964480042_R06C01","MISC","#DDE051"
"205715830018_R05C01","MISC","#DDE051"
"205852210009_R03C01","MISC","#DDE051"
"205854130013_R03C01","MISC","#DDE051"
"205854120044_R01C01","MISC","#DDE051"
"205854120044_R05C01","MISC","#DDE051"
"205854120078_R02C01","MISC","#DDE051"
"205854130013_R06C01","MISC","#DDE051"
"205852220085_R04C01","MISC","#DDE051"
"205854120011_R02C01","EWS","#DDE051"
"205854120011_R05C01","MISC","#DDE051"
"205852220045_R04C01","MISC","#DDE051"
"205852220045_R05C01","MISC","#DDE051"
"205832320157_R07C01","MISC","#DDE051"
"205832330046_R03C01","MISC","#DDE051"
"205832330046_R04C01","MISC","#DDE051"
"205832330046_R06C01","MISC","#DDE051"
"205832310008_R05C01","EWS","#DDE051"
"206139120015_R06C01","MISC","#DDE051"
"205841340162_R06C01","MISC","#DDE051"
"205841340162_R07C01","MISC","#DDE051"
"206139120015_R05C01","MISC","#DDE051"
"206137480013_R07C01","MISC","#DDE051"
"206137480013_R08C01","MISC","#DDE051"
"206137480025_R04C01","MISC","#DDE051"
"206137480030_R08C01","NF","#D948E1"
"206137480058_R01C01","MISC","#DDE051"
"206137480058_R02C01","MISC","#DDE051"
"206137480038_R04C01","NF","#D948E1"
"206137480038_R07C01","NF","#D948E1"
"206137480048_R01C01","NF","#D948E1"
"206137480111_R04C01","MISC","#DDE051"
"206139130024_R05C01","MISC","#DDE051"
"206139120161_R07C01","MISC","#DDE051"
"206144080021_R04C01","MISC","#DDE051"
"206139130070_R04C01","MISC","#DDE051"
"206144080002_R08C01","MISC","#DDE051"
"206139130055_R04C01","MISC","#DDE051"
"206139130024_R04C01","MISC","#DDE051"
"206144080021_R01C01","MISC","#DDE051"
"206139130024_R06C01","MISC","#DDE051"
"206139120102_R03C01","MISC","#DDE051"
"206139130056_R03C01","MISC","#DDE051"
"206139120138_R05C01","MISC","#DDE051"
"206139130071_R01C01","MISC","#DDE051"
"206375080011_R02C01","MISC","#DDE051"
"205772290031_R08C01","MISC","#DDE051"
"205772280135_R06C01","MISC","#DDE051"
"205772290012_R06C01","EWS","#7EDE7A"
"206537460134_R08C01","SS","#DDE051"
"206537460141_R01C01","MISC","#DDE051"
"201247470018_R08C01","MPNST","#6F79CB"
"201247470018_R04C01","MPNST","#6F79CB"
"201247470018_R02C01","MPNST","#6F79CB"
"201247470017_R07C01","MPNST","#6F79CB"
"201247470017_R05C01","MPNST","#6F79CB"
"201172520029_R02C01","MPNST","#6F79CB"
"201172520029_R03C01","SS","#6F79CB"
"201172520029_R05C01","MPNST","#6F79CB"
"201247470017_R06C01","MPNST","#6F79CB"
"205091240046_R03C01","SS","#6F79CB"
"205111140055_R02C01","MPNST","#6F79CB"
"204963470092_R02C01","SS","green"
"204963470178_R02C01","SS","#6F79CB"
"204963470092_R05C01","MPNST","#6F79CB"
"205854120044_R03C01","SS","#6F79CB"
"205832310101_R02C01","MPNST","#6F79CB"
"205832310101_R03C01","MPNST","#6F79CB"
"205832310101_R06C01","MPNST","#6F79CB"
"205832310101_R07C01","MPNST","#6F79CB"
"205832310101_R08C01","MPNST","#6F79CB"
"205832320079_R01C01","MPNST","#6F79CB"
"205832320079_R02C01","MPNST","#6F79CB"
"205832320079_R03C01","MPNST","#6F79CB"
"205832320079_R04C01","MPNST","#6F79CB"
"205832320079_R05C01","MPNST","#6F79CB"
"205832320079_R06C01","MPNST","#6F79CB"
"205832320079_R07C01","MPNST","#6F79CB"
"205832320079_R08C01","MPNST","#6F79CB"
"205832320081_R02C01","MPNST","#6F79CB"
"205832320081_R03C01","MISC","#6F79CB"
"205832320081_R06C01","MPNST","#6F79CB"
"205832320114_R04C01","MPNST","#6F79CB"
"205832320114_R05C01","MPNST","#6F79CB"
"205832320114_R06C01","MPNST","#6F79CB"
"206137480038_R03C01","MPNST","#6F79CB"
"206137480038_R08C01","MPNST","#6F79CB"
"206103060040_R05C01","MPNST","#6F79CB"
"206154070109_R03C01","MPNST","#6F79CB"
"206535560043_R06C01","MPNST","#6F79CB"
"206535560043_R07C01","SS","#6F79CB"
"206537460134_R02C01","MPNST","#6F79CB"
"206537460134_R05C01","MPNST","#6F79CB"
"201533640009_R03C01","MRT","darkgreen"
"201533620059_R08C01","MRT","darkgreen"
"201533620059_R02C01","MRT","darkgreen"
"201533640009_R06C01","MRT","darkgreen"
"204854830041_R08C01","MRT","darkgreen"
"205125590053_R04C01","MRT","darkgreen"
"204424040098_R03C01","MRT","darkgreen"
"204854830040_R08C01","MRT","darkgreen"
"204854830041_R03C01","MRT","darkgreen"
"204854830041_R07C01","MRT","darkgreen"
"205125590003_R07C01","MRT","darkgreen"
"205707890056_R03C01","MRT","darkgreen"
"205707900118_R05C01","MRT","darkgreen"
"205854130013_R07C01","MRT","darkgreen"
"204854830041_R06C01","MRT","darkgreen"
"206139130056_R02C01","MRT","darkgreen"
"206375080042_R05C01","MRT","darkgreen"
"206375080054_R07C01","MRT","darkgreen"
"206375080055_R07C01","MRT","darkgreen"
"205772290031_R05C01","MRT","darkgreen"
"206154070146_R01C01","MRT","darkgreen"
"201247470017_R03C01","NF","#D948E1"
"201247470018_R05C01","NF","#D948E1"
"201247470017_R01C01","NF","#D948E1"
"201247470018_R03C01","NF","#D948E1"
"201247470018_R01C01","NF","#D948E1"
"201492570102_R07C01","NF","#D948E1"
"201492570102_R05C01","NF","#D948E1"
"205832320081_R01C01","NF","#D948E1"
"205832320081_R04C01","NF","#D948E1"
"204963470092_R06C01","NF","#D948E1"
"204963470111_R01C01","SS","#D948E1"
"204963470111_R02C01","NF","#D948E1"
"206537460131_R02C01","NF","#D948E1"
"206537460134_R01C01","MISC","#D948E1"
"206537460134_R03C01","NF","#D948E1"
"206537460134_R04C01","NF","#D948E1"
"206537460141_R04C01","NF","#D948E1"
"202163550163_R03C01","NB","#8DB3D7"
"202163550163_R04C01","NB","#8DB3D7"
"202163550163_R05C01","NB","#8DB3D7"
"202163550163_R06C01","NB","#8DB3D7"
"201533620011_R03C01","NB","#8DB3D7"
"202172220049_R08C01","NB","#8DB3D7"
"201533620011_R05C01","NB","#8DB3D7"
"202163550163_R01C01","NB","#8DB3D7"
"202163550163_R02C01","NB","#8DB3D7"
"202172220049_R05C01","NB","#8DB3D7"
"202172220049_R07C01","NB","#8DB3D7"
"202172220049_R01C01","NB","#8DB3D7"
"202163550088_R02C01","NB","#8DB3D7"
"202172220049_R03C01","NB","#8DB3D7"
"201533640048_R06C01","NB","#8DB3D7"
"201533640048_R07C01","NB","#8DB3D7"
"205437190087_R06C01","NB","#8DB3D7"
"201533640043_R03C01","NB","#8DB3D7"
"205437190023_R07C01","NB","#8DB3D7"
"201533640043_R06C01","NB","#8DB3D7"
"201533640043_R07C01","NB","#8DB3D7"
"201533640048_R02C01","NB","#8DB3D7"
"201533640048_R03C01","NB","#8DB3D7"
"201533640048_R04C01","NB","#8DB3D7"
"205437190045_R05C01","NB","#8DB3D7"
"205437190045_R02C01","NB","#8DB3D7"
"205437190023_R02C01","NB","#8DB3D7"
"205437190023_R08C01","NB","#8DB3D7"
"205125590043_R08C01","NB","#8DB3D7"
"205437190045_R06C01","NB","#8DB3D7"
"205437190060_R06C01","NB","#8DB3D7"
"205437190023_R01C01","NB","#8DB3D7"
"205437190060_R04C01","NB","#8DB3D7"
"205437190060_R03C01","NB","#8DB3D7"
"205437190045_R08C01","NB","#8DB3D7"
"205437190023_R04C01","NB","#8DB3D7"
"205437190045_R07C01","NB","#8DB3D7"
"205125590043_R07C01","NB","#8DB3D7"
"205437190060_R01C01","NB","#8DB3D7"
"205125590043_R01C01","NB","#8DB3D7"
"202172220049_R04C01","NB","#8DB3D7"
"202163550088_R01C01","NB","#8DB3D7"
"201533640005_R01C01","NB","#8DB3D7"
"201533640043_R05C01","NB","#8DB3D7"
"205125590043_R06C01","NB","#8DB3D7"
"204339200060_R03C01","NB","#8DB3D7"
"204339200059_R05C01","NB","#8DB3D7"
"204339200057_R02C01","NB","#8DB3D7"
"204339200059_R06C01","NB","#8DB3D7"
"204339200058_R01C01","NB","#8DB3D7"
"204339200060_R05C01","NB","#8DB3D7"
"204339200059_R08C01","NB","#8DB3D7"
"204339200059_R03C01","NB","#8DB3D7"
"204339200058_R06C01","NB","#8DB3D7"
"204339200060_R02C01","NB","#8DB3D7"
"204339200065_R01C01","NB","#8DB3D7"
"204339200059_R04C01","NB","#8DB3D7"
"204339200060_R06C01","NB","#8DB3D7"
"204339200060_R07C01","NB","#8DB3D7"
"204339200057_R06C01","NB","#8DB3D7"
"204339200057_R01C01","NB","#8DB3D7"
"204339200057_R03C01","NB","#8DB3D7"
"204339200057_R08C01","NB","#8DB3D7"
"205125590043_R03C01","NB","#8DB3D7"
"204339200058_R08C01","NB","#8DB3D7"
"204339200065_R02C01","NB","#8DB3D7"
"204339200059_R01C01","NB","#8DB3D7"
"204339200059_R07C01","NB","#8DB3D7"
"204339200058_R07C01","NB","#8DB3D7"
"204339200059_R02C01","NB","#8DB3D7"
"204339200057_R04C01","NB","#8DB3D7"
"204424030084_R02C01","NB","#8DB3D7"
"204424030115_R05C01","NB","#8DB3D7"
"204424030117_R02C01","NB","#8DB3D7"
"204424030084_R04C01","NB","#8DB3D7"
"204424030115_R01C01","NB","#8DB3D7"
"204424030115_R02C01","NB","#8DB3D7"
"204424030115_R07C01","NB","#8DB3D7"
"204424030084_R06C01","NB","#8DB3D7"
"204424030084_R07C01","NB","#8DB3D7"
"204424030084_R08C01","NB","#8DB3D7"
"204424030115_R06C01","NB","#8DB3D7"
"204424030117_R01C01","NB","#8DB3D7"
"204424030117_R05C01","NB","#8DB3D7"
"204424030117_R06C01","NB","#8DB3D7"
"204424040004_R02C01","NB","#8DB3D7"
"204424040004_R06C01","NB","#8DB3D7"
"204424030117_R08C01","NB","#8DB3D7"
"204424040004_R01C01","NB","#8DB3D7"
"204424030117_R07C01","NB","#8DB3D7"
"204424030115_R08C01","NB","#8DB3D7"
"204424040004_R03C01","NB","#8DB3D7"
"204424030115_R04C01","NB","#8DB3D7"
"204424040004_R04C01","NB","#8DB3D7"
"204424040004_R05C01","NB","#8DB3D7"
"204424040013_R01C01","NB","#8DB3D7"
"204424040013_R03C01","NB","#8DB3D7"
"204424040013_R05C01","NB","#8DB3D7"
"204424030117_R03C01","NB","#8DB3D7"
"204424040013_R04C01","NB","#8DB3D7"
"204424040067_R03C01","NB","#8DB3D7"
"204424040067_R04C01","NB","#8DB3D7"
"204424040068_R02C01","NB","#8DB3D7"
"204424040048_R01C01","NB","#8DB3D7"
"204424040068_R01C01","NB","#8DB3D7"
"204424040067_R02C01","NB","#8DB3D7"
"204424040067_R07C01","NB","#8DB3D7"
"204424040067_R06C01","NB","#8DB3D7"
"204424040058_R08C01","NB","#8DB3D7"
"204424040058_R07C01","NB","#8DB3D7"
"204424040058_R06C01","NB","#8DB3D7"
"204424040058_R05C01","NB","#8DB3D7"
"204424040058_R04C01","NB","#8DB3D7"
"204424040058_R02C01","NB","#8DB3D7"
"204424040058_R01C01","NB","#8DB3D7"
"204424040048_R07C01","NB","#8DB3D7"
"204424040048_R06C01","NB","#8DB3D7"
"204424040048_R02C01","NB","#8DB3D7"
"204424030084_R01C01","NB","#8DB3D7"
"204424030084_R03C01","NB","#8DB3D7"
"204551190121_R07C01","NB","#8DB3D7"
"204564460020_R02C01","NB","#8DB3D7"
"204564460020_R04C01","NB","#8DB3D7"
"204564460020_R06C01","NB","#8DB3D7"
"204564460080_R08C01","NB","#8DB3D7"
"204551190121_R08C01","NB","#8DB3D7"
"204551190150_R01C01","NB","#8DB3D7"
"204551190150_R03C01","NB","#8DB3D7"
"204551190150_R05C01","NB","#8DB3D7"
"204551190170_R02C01","NB","#8DB3D7"
"204551190170_R04C01","NB","#8DB3D7"
"204564460020_R03C01","NB","#8DB3D7"
"204564460020_R05C01","NB","#8DB3D7"
"204564460020_R08C01","NB","#8DB3D7"
"204564460025_R01C01","NB","#8DB3D7"
"204564460025_R03C01","NB","#8DB3D7"
"204564460025_R05C01","NB","#8DB3D7"
"204564460025_R07C01","NB","#8DB3D7"
"204564460025_R08C01","NB","#8DB3D7"
"204564460031_R01C01","NB","#8DB3D7"
"204564460031_R03C01","NB","#8DB3D7"
"204564460031_R04C01","NB","#8DB3D7"
"204564460031_R05C01","NB","#8DB3D7"
"204564460031_R06C01","NB","#8DB3D7"
"204564460031_R07C01","NB","#8DB3D7"
"204564460031_R08C01","NB","#8DB3D7"
"204564460045_R01C01","NB","#8DB3D7"
"204564460045_R02C01","NB","#8DB3D7"
"204564460045_R03C01","NB","#8DB3D7"
"204564460045_R05C01","NB","#8DB3D7"
"204564460045_R06C01","NB","#8DB3D7"
"204564460045_R07C01","NB","#8DB3D7"
"204564460045_R08C01","NB","#8DB3D7"
"204564460049_R02C01","NB","#8DB3D7"
"204564460049_R03C01","NB","#8DB3D7"
"204564460049_R05C01","NB","#8DB3D7"
"204564460049_R06C01","NB","#8DB3D7"
"204564460049_R08C01","NB","#8DB3D7"
"204564460076_R01C01","NB","#8DB3D7"
"204564460076_R02C01","NB","#8DB3D7"
"204564460076_R03C01","NB","#8DB3D7"
"204564460076_R05C01","NB","#8DB3D7"
"204564460076_R06C01","NB","#8DB3D7"
"204564460076_R07C01","NB","#8DB3D7"
"204564460080_R01C01","NB","#8DB3D7"
"204564460080_R02C01","NB","#8DB3D7"
"204564460080_R07C01","NB","#8DB3D7"
"204564460087_R02C01","NB","#8DB3D7"
"204564460087_R03C01","NB","#8DB3D7"
"204564460087_R04C01","NB","#8DB3D7"
"204564460087_R05C01","NB","#8DB3D7"
"204564460087_R07C01","NB","#8DB3D7"
"204564460103_R01C01","NB","#8DB3D7"
"204564460103_R02C01","NB","#8DB3D7"
"204564460103_R03C01","NB","#8DB3D7"
"204564460103_R04C01","NB","#8DB3D7"
"204564460103_R05C01","NB","#8DB3D7"
"204564460103_R06C01","NB","#8DB3D7"
"204564460105_R01C01","NB","#8DB3D7"
"204564460105_R02C01","NB","#8DB3D7"
"204564460105_R03C01","NB","#8DB3D7"
"204564460105_R04C01","NB","#8DB3D7"
"204564460105_R06C01","NB","#8DB3D7"
"204564460105_R07C01","NB","#8DB3D7"
"204848240094_R07C01","NB","#8DB3D7"
"204564460025_R02C01","NB","#8DB3D7"
"205125590058_R01C01","NB","#8DB3D7"
"205125590058_R02C01","NB","#8DB3D7"
"204848060070_R03C01","NB","#8DB3D7"
"204848060070_R06C01","NB","#8DB3D7"
"204848060070_R07C01","NB","#8DB3D7"
"205125590002_R05C01","NB","#8DB3D7"
"205125590002_R06C01","NB","#8DB3D7"
"205125590003_R01C01","NB","#8DB3D7"
"204854830021_R06C01","NB","#8DB3D7"
"205125590003_R02C01","NB","#8DB3D7"
"204964480034_R03C01","NB","#8DB3D7"
"204854830040_R02C01","NB","#8DB3D7"
"204854830040_R03C01","NB","#8DB3D7"
"204963470001_R05C01","NB","#8DB3D7"
"204963470003_R01C01","NB","#8DB3D7"
"204963470003_R04C01","NB","#8DB3D7"
"204963470003_R05C01","NB","#8DB3D7"
"204963470009_R01C01","NB","#8DB3D7"
"205125590005_R07C01","NB","#8DB3D7"
"204963470036_R04C01","NB","#8DB3D7"
"204963470036_R05C01","NB","#8DB3D7"
"204963470036_R08C01","NB","#8DB3D7"
"205125590066_R07C01","NB","#8DB3D7"
"204848240003_R03C01","NB","#8DB3D7"
"204848240003_R05C01","NB","#8DB3D7"
"204848240003_R06C01","NB","#8DB3D7"
"204848240114_R02C01","NB","#8DB3D7"
"204848240114_R05C01","NB","#8DB3D7"
"205125590002_R07C01","NB","#8DB3D7"
"204854830021_R04C01","NB","#8DB3D7"
"204964480034_R04C01","NB","#8DB3D7"
"204964480034_R07C01","NB","#8DB3D7"
"205125590005_R02C01","NB","#8DB3D7"
"205125590005_R03C01","NB","#8DB3D7"
"205125590005_R04C01","NB","#8DB3D7"
"204963470001_R07C01","NB","#8DB3D7"
"205125590005_R06C01","NB","#8DB3D7"
"204963470009_R02C01","NB","#8DB3D7"
"204963470009_R04C01","NB","#8DB3D7"
"204963470009_R05C01","NB","#8DB3D7"
"204963470009_R06C01","NB","#8DB3D7"
"204963470009_R08C01","NB","#8DB3D7"
"204963470036_R01C01","NB","#8DB3D7"
"205125590066_R01C01","NB","#8DB3D7"
"205125590066_R04C01","NB","#8DB3D7"
"204963470042_R06C01","NB","#8DB3D7"
"204963470095_R02C01","NB","#8DB3D7"
"204963470095_R03C01","NB","#8DB3D7"
"205125590066_R06C01","NB","#8DB3D7"
"204963470095_R05C01","NB","#8DB3D7"
"205111140081_R03C01","NB","#8DB3D7"
"204848060071_R01C01","NB","#8DB3D7"
"204963470010_R08C01","NB","#8DB3D7"
"204963470012_R02C01","NB","#8DB3D7"
"204963470012_R06C01","NB","#8DB3D7"
"204963470012_R07C01","NB","#8DB3D7"
"204963470024_R01C01","NB","#8DB3D7"
"205125590004_R03C01","NB","#8DB3D7"
"205767050167_R04C01","NB","#8DB3D7"
"206137480145_R07C01","NB","#8DB3D7"
"206139130056_R04C01","NB","#8DB3D7"
"204848240011_R07C01","NB","#8DB3D7"
"205624880158_R07C01","NB","#8DB3D7"
"205852220042_R07C01","NB","#8DB3D7"
"206103060064_R05C01","NB","#8DB3D7"
"206103060064_R06C01","NB","#8DB3D7"
"206154070046_R03C01","NB","#8DB3D7"
"205035160040_R04C01","NB","#8DB3D7"
"205128000005_R01C01","NB","#8DB3D7"
"205715820167_R02C01","NB","#8DB3D7"
"205852220124_R05C01","NB","#8DB3D7"
"206113360104_R03C01","NB","#8DB3D7"
"206154070146_R04C01","NB","#8DB3D7"
"206154070146_R05C01","NB","#8DB3D7"
"206250290025_R04C01","NB","#8DB3D7"
"205852220042_R08C01","NB","#8DB3D7"
"201533640043_R01C01","OS","#7CDFDC"
"201533640034_R03C01","OS","#7CDFDC"
"201533640005_R08C01","OS","#7CDFDC"
"201533640034_R07C01","OS","#7CDFDC"
"201533640005_R06C01","OS","#7CDFDC"
"201533640034_R01C01","OS","#7CDFDC"
"201533640034_R06C01","OS","#7CDFDC"
"201533640034_R05C01","OS","#7CDFDC"
"204551190111_R04C01","OS","#7CDFDC"
"204596820028_R03C01","OS","#7CDFDC"
"204596820028_R05C01","OS","#7CDFDC"
"204596820035_R05C01","OS","#7CDFDC"
"204596820074_R02C01","OS","#7CDFDC"
"204596820107_R08C01","OS","#7CDFDC"
"201524770049_R04C01","OS","#7CDFDC"
"204424030014_R06C01","MISC","#DDE051"
"204551190057_R03C01","OS","#7CDFDC"
"204551190057_R04C01","OS","#7CDFDC"
"204551190057_R05C01","OS","#7CDFDC"
"204551190057_R06C01","OS","#7CDFDC"
"204551190057_R07C01","OS","#7CDFDC"
"204551190057_R08C01","OS","#7CDFDC"
"204551190067_R01C01","OS","#7CDFDC"
"204551190067_R02C01","OS","#7CDFDC"
"204551190067_R05C01","OS","#7CDFDC"
"204551190067_R07C01","OS","#7CDFDC"
"204551190082_R01C01","OS","#7CDFDC"
"204551190082_R03C01","OS","#7CDFDC"
"204551190082_R04C01","OS","#7CDFDC"
"204551190082_R05C01","OS","#7CDFDC"
"204551190082_R06C01","OS","#7CDFDC"
"204564460049_R04C01","OS","#7CDFDC"
"204564460108_R07C01","OS","#7CDFDC"
"204848240093_R01C01","OS","#7CDFDC"
"204848240093_R03C01","OS","#7CDFDC"
"204848240093_R04C01","OS","#7CDFDC"
"204848240093_R08C01","OS","#7CDFDC"
"204848240094_R01C01","OS","#7CDFDC"
"204848240094_R03C01","OS","#7CDFDC"
"204848240097_R04C01","OS","#7CDFDC"
"204848240133_R02C01","OS","#7CDFDC"
"204848240133_R03C01","OS","#7CDFDC"
"204848240133_R04C01","OS","#7CDFDC"
"204848240133_R07C01","OS","#7CDFDC"
"204848240134_R01C01","OS","#7CDFDC"
"204848240134_R02C01","OS","#7CDFDC"
"204848240134_R04C01","OS","#7CDFDC"
"204848240134_R05C01","OS","#7CDFDC"
"204848240134_R08C01","OS","#7CDFDC"
"204848240140_R05C01","OS","#7CDFDC"
"204848240140_R08C01","OS","#7CDFDC"
"204848240141_R01C01","OS","#7CDFDC"
"204848240133_R08C01","OS","#7CDFDC"
"204848240097_R07C01","OS","#7CDFDC"
"204848240133_R01C01","OS","#7CDFDC"
"204848240097_R02C01","OS","#7CDFDC"
"204848240009_R01C01","OS","#7CDFDC"
"204848240009_R02C01","OS","#7CDFDC"
"204848240009_R03C01","OS","#7CDFDC"
"204848240009_R06C01","OS","#7CDFDC"
"204848240009_R08C01","OS","#7CDFDC"
"204848240040_R02C01","OS","#7CDFDC"
"204848240040_R03C01","OS","#7CDFDC"
"204848240040_R04C01","OS","#7CDFDC"
"204848240040_R06C01","OS","#7CDFDC"
"204848240073_R04C01","OS","#7CDFDC"
"204848240073_R05C01","OS","#7CDFDC"
"204848240073_R06C01","OS","#7CDFDC"
"204848240073_R07C01","OS","#7CDFDC"
"204848240073_R08C01","OS","#7CDFDC"
"204848240091_R04C01","OS","#7CDFDC"
"204848240091_R05C01","OS","#7CDFDC"
"204848240091_R06C01","OS","#7CDFDC"
"204848240091_R07C01","OS","#7CDFDC"
"204848240098_R03C01","OS","#7CDFDC"
"204848240098_R04C01","OS","#7CDFDC"
"204848240098_R05C01","OS","#7CDFDC"
"204848240098_R07C01","OS","#7CDFDC"
"204848240098_R08C01","OS","#7CDFDC"
"204848240115_R01C01","OS","#7CDFDC"
"204848240115_R02C01","OS","#7CDFDC"
"204848240115_R03C01","OS","#7CDFDC"
"204848240115_R04C01","OS","#7CDFDC"
"204848240115_R06C01","OS","#7CDFDC"
"204848240115_R07C01","OS","#7CDFDC"
"204848240116_R01C01","OS","#7CDFDC"
"204848240116_R02C01","OS","#7CDFDC"
"204848240116_R03C01","OS","#7CDFDC"
"204848240116_R05C01","OS","#7CDFDC"
"204848240116_R07C01","OS","#7CDFDC"
"204848240135_R01C01","OS","#7CDFDC"
"204848240135_R05C01","OS","#7CDFDC"
"204848240135_R06C01","OS","#7CDFDC"
"204848240135_R07C01","OS","#7CDFDC"
"204848240135_R08C01","OS","#7CDFDC"
"204848240136_R02C01","OS","#7CDFDC"
"204848240136_R03C01","OS","#7CDFDC"
"204848240136_R05C01","OS","#7CDFDC"
"204848240136_R06C01","OS","#7CDFDC"
"204848240136_R07C01","OS","#7CDFDC"
"204848240138_R03C01","OS","#7CDFDC"
"204972790031_R01C01","OS","#7CDFDC"
"204972790031_R02C01","OS","#7CDFDC"
"204972790031_R06C01","OS","#7CDFDC"
"204972790031_R07C01","OS","#7CDFDC"
"204972790053_R01C01","OS","#7CDFDC"
"204972790053_R03C01","OS","#7CDFDC"
"204972790053_R05C01","OS","#7CDFDC"
"204972790053_R07C01","OS","#7CDFDC"
"204972790053_R08C01","OS","#7CDFDC"
"204972790077_R01C01","OS","#7CDFDC"
"204972790077_R03C01","OS","#7CDFDC"
"204972790077_R04C01","OS","#7CDFDC"
"204972790077_R05C01","OS","#7CDFDC"
"204972790077_R08C01","OS","#7CDFDC"
"205030230024_R01C01","OS","#7CDFDC"
"205030230024_R04C01","OS","#7CDFDC"
"205030230024_R05C01","OS","#7CDFDC"
"205030230049_R02C01","OS","#7CDFDC"
"205030230049_R04C01","OS","#7CDFDC"
"205030230049_R06C01","OS","#7CDFDC"
"205030230049_R08C01","OS","#7CDFDC"
"205030230052_R01C01","OS","#7CDFDC"
"205030230052_R02C01","OS","#7CDFDC"
"205030230052_R03C01","OS","#7CDFDC"
"205030230052_R04C01","OS","#7CDFDC"
"205030230052_R05C01","OS","#7CDFDC"
"205030230052_R06C01","OS","#7CDFDC"
"205030230052_R07C01","OS","#7CDFDC"
"205030230087_R01C01","OS","#7CDFDC"
"205030230087_R04C01","OS","#7CDFDC"
"205030230087_R07C01","OS","#7CDFDC"
"205030230087_R08C01","OS","#7CDFDC"
"205030230107_R01C01","OS","#7CDFDC"
"205030230107_R02C01","OS","#7CDFDC"
"205030230107_R05C01","OS","#7CDFDC"
"205030230107_R06C01","OS","#7CDFDC"
"205030230107_R07C01","OS","#7CDFDC"
"205030230115_R01C01","OS","#7CDFDC"
"205030230115_R02C01","OS","#7CDFDC"
"205030230115_R03C01","MISC","#7CDFDC"
"205030230115_R05C01","OS","#7CDFDC"
"205030230115_R08C01","OS","#7CDFDC"
"205030230164_R01C01","OS","#7CDFDC"
"205030230164_R02C01","OS","#7CDFDC"
"205030230164_R06C01","OS","#7CDFDC"
"205030230164_R08C01","OS","#7CDFDC"
"205030230168_R01C01","OS","#7CDFDC"
"205030230168_R03C01","OS","#7CDFDC"
"205030230168_R04C01","OS","#7CDFDC"
"205030230168_R05C01","OS","#7CDFDC"
"205030230168_R08C01","OS","#7CDFDC"
"205030240016_R01C01","OS","#7CDFDC"
"205030240016_R02C01","OS","#7CDFDC"
"205030240016_R03C01","OS","#7CDFDC"
"205030240016_R05C01","OS","#7CDFDC"
"205030240016_R06C01","OS","#7CDFDC"
"205111140055_R04C01","OS","#7CDFDC"
"205111140055_R05C01","OS","#7CDFDC"
"205111140055_R07C01","OS","#7CDFDC"
"205111140058_R01C01","OS","#7CDFDC"
"205111140058_R02C01","OS","#7CDFDC"
"205111140058_R03C01","OS","#7CDFDC"
"205111140058_R04C01","OS","#7CDFDC"
"205111140058_R05C01","OS","#7CDFDC"
"205111140058_R08C01","OS","#7CDFDC"
"205111140064_R04C01","OS","#7CDFDC"
"205111140064_R06C01","OS","#7CDFDC"
"205111140081_R01C01","OS","#7CDFDC"
"205111140081_R02C01","OS","#7CDFDC"
"205090550030_R01C01","OS","#7CDFDC"
"205090550030_R05C01","OS","#7CDFDC"
"205090550030_R07C01","OS","#7CDFDC"
"205090550030_R08C01","OS","#7CDFDC"
"205090550046_R01C01","OS","#7CDFDC"
"205090550046_R02C01","OS","#7CDFDC"
"205090550046_R03C01","OS","#7CDFDC"
"205090550046_R04C01","OS","#7CDFDC"
"205090550046_R06C01","OS","#7CDFDC"
"205090550049_R01C01","OS","#7CDFDC"
"205090550049_R02C01","OS","#7CDFDC"
"205090550049_R04C01","OS","#7CDFDC"
"205090550049_R07C01","OS","#7CDFDC"
"205090550053_R03C01","OS","#7CDFDC"
"205090550053_R04C01","OS","#7CDFDC"
"205090550053_R05C01","OS","#7CDFDC"
"205090550053_R06C01","OS","#7CDFDC"
"205090550053_R08C01","OS","#7CDFDC"
"205090550057_R01C01","OS","#7CDFDC"
"205090550057_R02C01","OS","#7CDFDC"
"205090550057_R03C01","OS","#7CDFDC"
"205090550057_R04C01","OS","#7CDFDC"
"205090550057_R05C01","OS","#7CDFDC"
"205090550057_R06C01","OS","#7CDFDC"
"205090550063_R02C01","OS","#7CDFDC"
"205090550063_R03C01","OS","#7CDFDC"
"205715830072_R05C01","WT","#DB5297"
"206137480134_R06C01","OS","#7CDFDC"
"206137480145_R02C01","OS","#7CDFDC"
"206137480145_R03C01","OS","#7CDFDC"
"206382220036_R05C01","OS","#7CDFDC"
"206382220044_R03C01","OS","#7CDFDC"
"205772280148_R07C01","OS","#7CDFDC"
"205772280010_R01C01","MISC","#DDE051"
"205715820166_R03C01","OS","#7CDFDC"
"202234370083_R01C01","RB","#D8CE7F"
"202242400127_R04C01","RB","#D8CE7F"
"202242400127_R05C01","RB","#D8CE7F"
"202242400127_R07C01","RB","#D8CE7F"
"202242400127_R06C01","RB","#D8CE7F"
"202242400127_R08C01","RB","#D8CE7F"
"202234370083_R05C01","RB","#D8CE7F"
"202234370083_R02C01","RB","#D8CE7F"
"202234370083_R03C01","RB","#D8CE7F"
"202234370083_R04C01","RB","#D8CE7F"
"202234370115_R01C01","RB","#D8CE7F"
"202234370034_R06C01","RB","#D8CE7F"
"202234370083_R06C01","RB","#D8CE7F"
"202234370083_R07C01","RB","#D8CE7F"
"202234370034_R02C01","RB","#D8CE7F"
"202234370034_R07C01","RB","#D8CE7F"
"202234370115_R02C01","RB","#D8CE7F"
"202234370115_R03C01","RB","#D8CE7F"
"202234370115_R05C01","RB","#D8CE7F"
"202234370115_R06C01","RB","#D8CE7F"
"202234370034_R04C01","RB","#D8CE7F"
"202234370115_R07C01","RB","#D8CE7F"
"202242400038_R06C01","RB","#D8CE7F"
"202234370034_R05C01","RB","#D8CE7F"
"203962710085_R07C01","RB","#D8CE7F"
"203548860079_R02C01","RB","#D8CE7F"
"204551190125_R08C01","RB","#D8CE7F"
"204592890102_R05C01","RB","#D8CE7F"
"204596820024_R01C01","RB","#D8CE7F"
"204596820024_R06C01","RB","#D8CE7F"
"201525200008_R03C01","RB","#D8CE7F"
"201525200008_R04C01","RB","#D8CE7F"
"201525200008_R05C01","RB","#D8CE7F"
"201525200008_R06C01","RB","#D8CE7F"
"201525200008_R07C01","RB","#D8CE7F"
"201525200008_R08C01","RB","#D8CE7F"
"201525200072_R01C01","RB","#D8CE7F"
"204076520130_R08C01","RB","#D8CE7F"
"204076530007_R01C01","RB","#D8CE7F"
"204076530007_R07C01","RB","#D8CE7F"
"204076530007_R04C01","RB","#D8CE7F"
"204076530007_R02C01","RB","#D8CE7F"
"204076530007_R06C01","RB","#D8CE7F"
"204076530007_R05C01","RB","#D8CE7F"
"204076530007_R03C01","RB","#D8CE7F"
"204551190033_R07C01","RB","#D8CE7F"
"204551190019_R06C01","RB","#D8CE7F"
"204551190034_R07C01","RB","#D8CE7F"
"204551190029_R06C01","RB","#D8CE7F"
"204551190029_R01C01","RB","#D8CE7F"
"204551190027_R06C01","RB","#D8CE7F"
"204551190027_R07C01","RB","#D8CE7F"
"204551190029_R03C01","RB","#D8CE7F"
"204551190029_R05C01","RB","#D8CE7F"
"204551190029_R02C01","RB","#D8CE7F"
"204551190033_R01C01","RB","#D8CE7F"
"204551190034_R08C01","RB","#D8CE7F"
"204551190019_R03C01","RB","#D8CE7F"
"204551190019_R04C01","RB","#D8CE7F"
"204551190043_R01C01","RB","#D8CE7F"
"204551190029_R07C01","RB","#D8CE7F"
"204551190019_R01C01","RB","#D8CE7F"
"204551190019_R05C01","RB","#D8CE7F"
"204551190027_R04C01","RB","#D8CE7F"
"204551190034_R02C01","RB","#D8CE7F"
"204551190033_R02C01","RB","#D8CE7F"
"204551190033_R03C01","RB","#D8CE7F"
"204551190034_R03C01","RB","#D8CE7F"
"204551190033_R04C01","RB","#D8CE7F"
"204551190033_R06C01","RB","#D8CE7F"
"204551190033_R05C01","RB","#D8CE7F"
"204551190034_R01C01","RB","#D8CE7F"
"204551190034_R06C01","RB","#D8CE7F"
"204551190043_R03C01","RB","#D8CE7F"
"204551190043_R04C01","RB","#D8CE7F"
"204551190019_R02C01","RB","#D8CE7F"
"204551190043_R06C01","RB","#D8CE7F"
"205091240039_R02C01","RB","#D8CE7F"
"205091240039_R04C01","RB","#D8CE7F"
"205025380106_R05C01","RB","#D8CE7F"
"205025380106_R06C01","RB","#D8CE7F"
"205025380106_R07C01","RB","#D8CE7F"
"205091240039_R05C01","RB","#D8CE7F"
"205091240039_R06C01","RB","#D8CE7F"
"205025380107_R02C01","RB","#D8CE7F"
"205025380107_R03C01","RB","#D8CE7F"
"205025380107_R04C01","RB","#D8CE7F"
"205025380107_R05C01","RB","#D8CE7F"
"205091240039_R07C01","RB","#D8CE7F"
"205091240039_R08C01","RB","#D8CE7F"
"205025380107_R08C01","RB","#D8CE7F"
"205091240041_R01C01","RB","#D8CE7F"
"205025380117_R02C01","RB","#D8CE7F"
"205025380117_R04C01","RB","#D8CE7F"
"205025380117_R05C01","RB","#D8CE7F"
"205025380117_R06C01","RB","#D8CE7F"
"205025380117_R07C01","RB","#D8CE7F"
"205025380117_R08C01","RB","#D8CE7F"
"205025380127_R01C01","RB","#D8CE7F"
"205025380143_R01C01","RB","#D8CE7F"
"205091240053_R01C01","RB","#D8CE7F"
"205091240053_R02C01","RB","#D8CE7F"
"205025380143_R06C01","RB","#D8CE7F"
"205025380143_R07C01","RB","#D8CE7F"
"205025380143_R08C01","RB","#D8CE7F"
"205025380147_R02C01","RB","#D8CE7F"
"205025380147_R03C01","RB","#D8CE7F"
"205025380147_R04C01","RB","#D8CE7F"
"205025380147_R05C01","RB","#D8CE7F"
"205030240007_R01C01","RB","#D8CE7F"
"205030240007_R03C01","RB","#D8CE7F"
"205030240007_R05C01","RB","#D8CE7F"
"205030240007_R06C01","RB","#D8CE7F"
"205030240007_R07C01","RB","#D8CE7F"
"205091240067_R08C01","RB","#D8CE7F"
"205091240068_R01C01","RB","#D8CE7F"
"205091240068_R02C01","RB","#D8CE7F"
"205030240031_R03C01","RB","#D8CE7F"
"205091240068_R05C01","RB","#D8CE7F"
"205091240068_R06C01","RB","#D8CE7F"
"205091240068_R07C01","RB","#D8CE7F"
"205091240068_R08C01","RB","#D8CE7F"
"205030230097_R02C01","RB","#D8CE7F"
"205091240057_R02C01","RB","#D8CE7F"
"205091240057_R03C01","RB","#D8CE7F"
"205030230097_R05C01","RB","#D8CE7F"
"205030230097_R06C01","RB","#D8CE7F"
"205030230097_R07C01","RB","#D8CE7F"
"205030230099_R02C01","RB","#D8CE7F"
"205091240057_R04C01","RB","#D8CE7F"
"205030230099_R05C01","RB","#D8CE7F"
"205030230099_R06C01","RB","#D8CE7F"
"205091240057_R05C01","RB","#D8CE7F"
"205091240057_R07C01","RB","#D8CE7F"
"205091240057_R08C01","RB","#D8CE7F"
"205437190056_R02C01","RB","#D8CE7F"
"205437190056_R03C01","RB","#D8CE7F"
"205437190056_R04C01","RB","#D8CE7F"
"205437190056_R05C01","RB","#D8CE7F"
"205437190056_R06C01","RB","#D8CE7F"
"205437190056_R07C01","RB","#D8CE7F"
"205437190056_R08C01","RB","#D8CE7F"
"205437190062_R01C01","RB","#D8CE7F"
"205437190062_R03C01","RB","#D8CE7F"
"205437190062_R04C01","RB","#D8CE7F"
"205437190062_R05C01","RB","#D8CE7F"
"205437190062_R06C01","RB","#D8CE7F"
"205437190062_R07C01","RB","#D8CE7F"
"205437190062_R08C01","RB","#D8CE7F"
"205437190077_R01C01","RB","#D8CE7F"
"205437190077_R02C01","RB","#D8CE7F"
"205437190077_R03C01","RB","#D8CE7F"
"205437190077_R04C01","RB","#D8CE7F"
"205437190077_R05C01","RB","#D8CE7F"
"205437190077_R06C01","RB","#D8CE7F"
"205437190077_R07C01","RB","#D8CE7F"
"205437190077_R08C01","RB","#D8CE7F"
"205437190080_R01C01","RB","#D8CE7F"
"205437190080_R02C01","RB","#D8CE7F"
"205437190080_R04C01","RB","#D8CE7F"
"205437190080_R05C01","RB","#D8CE7F"
"205437190080_R06C01","RB","#D8CE7F"
"205437190080_R07C01","RB","#D8CE7F"
"205437190080_R08C01","RB","#D8CE7F"
"205437190086_R02C01","RB","#D8CE7F"
"205437190086_R03C01","RB","#D8CE7F"
"205437190086_R04C01","RB","#D8CE7F"
"205437190086_R05C01","RB","#D8CE7F"
"205437190086_R06C01","RB","#D8CE7F"
"205437190086_R07C01","RB","#D8CE7F"
"205437190086_R08C01","RB","#D8CE7F"
"205437190105_R02C01","RB","#D8CE7F"
"205437190105_R04C01","RB","#D8CE7F"
"205437190105_R05C01","RB","#D8CE7F"
"205437190105_R06C01","RB","#D8CE7F"
"205437190105_R07C01","RB","#D8CE7F"
"205437190105_R08C01","RB","#D8CE7F"
"205437190125_R01C01","RB","#D8CE7F"
"205437190125_R02C01","RB","#D8CE7F"
"205437190125_R03C01","RB","#D8CE7F"
"205437190125_R04C01","RB","#D8CE7F"
"205437190125_R05C01","RB","#D8CE7F"
"205437190125_R07C01","RB","#D8CE7F"
"205437190125_R08C01","RB","#D8CE7F"
"205437190126_R01C01","RB","#D8CE7F"
"205437190126_R02C01","RB","#D8CE7F"
"205437190126_R03C01","RB","#D8CE7F"
"205437190126_R05C01","RB","#D8CE7F"
"205437190126_R06C01","RB","#D8CE7F"
"205437190126_R07C01","RB","#D8CE7F"
"205437190126_R08C01","RB","#D8CE7F"
"205437190160_R01C01","RB","#D8CE7F"
"205437190160_R02C01","RB","#D8CE7F"
"205437190160_R03C01","RB","#D8CE7F"
"205437190160_R04C01","RB","#D8CE7F"
"205437190160_R05C01","RB","#D8CE7F"
"205437190160_R06C01","RB","#D8CE7F"
"205437190160_R07C01","RB","#D8CE7F"
"205437190160_R08C01","RB","#D8CE7F"
"205125590052_R03C01","RB","#D8CE7F"
"206137480129_R08C01","RB","#D8CE7F"
"206137480134_R01C01","RB","#D8CE7F"
"206137480134_R02C01","RB","#D8CE7F"
"206137480134_R03C01","RB","#D8CE7F"
"206137480134_R04C01","RB","#D8CE7F"
"206139130056_R05C01","RB","#D8CE7F"
"206382220036_R06C01","RB","#D8CE7F"
"206382220044_R05C01","RB","#D8CE7F"
"206375080055_R08C01","RB","#D8CE7F"
"205624860067_R07C01","RB","#D8CE7F"
"205138640084_R01C01","RB","#D8CE7F"
"205624860067_R06C01","RB","#D8CE7F"
"205030240141_R01C01","RB","#D8CE7F"
"206537460141_R05C01","RB","#D8CE7F"
"201533620004_R07C01","RMS","#DCDFD5"
"201533520048_R02C01","RMS","#DCDFD5"
"201533640024_R05C01","RMS","#DCDFD5"
"201533620039_R08C01","RMS","#DCDFD5"
"201533640009_R02C01","RMS","#DCDFD5"
"201533620012_R06C01","RMS","#DCDFD5"
"201985320079_R03C01","RMS","#DCDFD5"
"201533620039_R05C01","RMS","#DCDFD5"
"201533620039_R03C01","RMS","#DCDFD5"
"201247470019_R07C01","RMS","#DCDFD5"
"201533520040_R05C01","RMS","#DCDFD5"
"201247490021_R06C01","RMS","#DCDFD5"
"201172580053_R05C01","RMS","#DCDFD5"
"201172580053_R03C01","RMS","#DCDFD5"
"201247470019_R06C01","RMS","#DCDFD5"
"201172580047_R05C01","RMS","#DCDFD5"
"201172580053_R02C01","RMS","#DCDFD5"
"201533640031_R04C01","RMS","#DCDFD5"
"201533640009_R05C01","RMS","#DCDFD5"
"201247490021_R05C01","RMS","#DCDFD5"
"201247470019_R05C01","RMS","#DCDFD5"
"201492570224_R07C01","RMS","#DCDFD5"
"201533640023_R06C01","RMS","#DCDFD5"
"201492570224_R05C01","RMS","#DCDFD5"
"201533640031_R03C01","RMS","#DCDFD5"
"201533640031_R06C01","RMS","#DCDFD5"
"201533520001_R07C01","RMS","#DCDFD5"
"201533640024_R03C01","RMS","#DCDFD5"
"202163550088_R03C01","RMS","#DCDFD5"
"201533520026_R06C01","RMS","#DCDFD5"
"201533620059_R01C01","RMS","#DCDFD5"
"201533640024_R07C01","RMS","#DCDFD5"
"201533520001_R04C01","RMS","#DCDFD5"
"201533520026_R07C01","RMS","#DCDFD5"
"201533520026_R05C01","RMS","#DCDFD5"
"201533520001_R06C01","RMS","#DCDFD5"
"201533520001_R08C01","RMS","#DCDFD5"
"201533520001_R03C01","RMS","#DCDFD5"
"201247490021_R02C01","RMS","#DCDFD5"
"201533520001_R02C01","RMS","#DCDFD5"
"201533640024_R08C01","RMS","#DCDFD5"
"201533620012_R08C01","RMS","#DCDFD5"
"201492570102_R04C01","RMS","#DCDFD5"
"201533520040_R04C01","RMS","#DCDFD5"
"201533640024_R04C01","RMS","#DCDFD5"
"201533640042_R01C01","RMS","#DCDFD5"
"201533620004_R03C01","RMS","#DCDFD5"
"201247470019_R03C01","RMS","#DCDFD5"
"201533640031_R05C01","RMS","#DCDFD5"
"201533640009_R08C01","RMS","#DCDFD5"
"201533620012_R03C01","RMS","#DCDFD5"
"201533640024_R02C01","RMS","#DCDFD5"
"201533620059_R04C01","RMS","#DCDFD5"
"201533620059_R06C01","RMS","#DCDFD5"
"201533640046_R07C01","RMS","#DCDFD5"
"201533640046_R08C01","RMS","#DCDFD5"
"201533520026_R04C01","RMS","#DCDFD5"
"201247470019_R02C01","RMS","#DCDFD5"
"201533640042_R05C01","RMS","#DCDFD5"
"201533640046_R03C01","RMS","#DCDFD5"
"201533640046_R04C01","RMS","#DCDFD5"
"201247470019_R01C01","RMS","#DCDFD5"
"201247490021_R08C01","RMS","#DCDFD5"
"201533520040_R01C01","RMS","#DCDFD5"
"201533620039_R04C01","RMS","#DCDFD5"
"201533640046_R05C01","RMS","#DCDFD5"
"201533640046_R06C01","RMS","#DCDFD5"
"201533520026_R03C01","RMS","#DCDFD5"
"201533520040_R03C01","RMS","#DCDFD5"
"201533640050_R03C01","RMS","#DCDFD5"
"201533640031_R02C01","RMS","#DCDFD5"
"201492570224_R01C01","RMS","#DCDFD5"
"201172580053_R04C01","RMS","#DCDFD5"
"201533640042_R03C01","RMS","#DCDFD5"
"201533640042_R06C01","RMS","#DCDFD5"
"201533640050_R02C01","RMS","#DCDFD5"
"201533640042_R02C01","RMS","#DCDFD5"
"201492570224_R02C01","RMS","#DCDFD5"
"201533640050_R05C01","RMS","#DCDFD5"
"201172580053_R01C01","RMS","#DCDFD5"
"204596820024_R02C01","RMS","#DCDFD5"
"204596820024_R04C01","RMS","#DCDFD5"
"204596820035_R02C01","RMS","#DCDFD5"
"204596820035_R06C01","RMS","#DCDFD5"
"204596820107_R02C01","RMS","#DCDFD5"
"204424040075_R04C01","RMS","#DCDFD5"
"201524770049_R02C01","RMS","#DCDFD5"
"201524770049_R07C01","RMS","#DCDFD5"
"204424030049_R02C01","RMS","#DCDFD5"
"204424030049_R05C01","RMS","#DCDFD5"
"204424040112_R02C01","RMS","#DCDFD5"
"204424040112_R06C01","RMS","#DCDFD5"
"204551190040_R01C01","RMS","#DCDFD5"
"204551190040_R03C01","RMS","#DCDFD5"
"204564460108_R01C01","RMS","#DCDFD5"
"204848060057_R07C01","RMS","#DCDFD5"
"204848060061_R01C01","RMS","#DCDFD5"
"204848060061_R06C01","RMS","#DCDFD5"
"204848060063_R01C01","RMS","#DCDFD5"
"204564460107_R06C01","RMS","#DCDFD5"
"204564460107_R07C01","RMS","#DCDFD5"
"204564460108_R03C01","RMS","#DCDFD5"
"204848060038_R06C01","RMS","#DCDFD5"
"204848060057_R01C01","RMS","#DCDFD5"
"204848060077_R04C01","RMS","#DCDFD5"
"204551190057_R01C01","RMS","#DCDFD5"
"204564460049_R01C01","RMS","#DCDFD5"
"204848060038_R03C01","RMS","#DCDFD5"
"204848060038_R04C01","RMS","#DCDFD5"
"204848060057_R05C01","RMS","#DCDFD5"
"204848060061_R05C01","RMS","#DCDFD5"
"204848060061_R07C01","RMS","#DCDFD5"
"204848060063_R02C01","RMS","#DCDFD5"
"204848060063_R03C01","RMS","#DCDFD5"
"204848060063_R05C01","RMS","#DCDFD5"
"204848240090_R07C01","RMS","#DCDFD5"
"204848240140_R02C01","RMS","#DCDFD5"
"204848060038_R02C01","RMS","#DCDFD5"
"204848060057_R02C01","RMS","#DCDFD5"
"204424030014_R05C01","RMS","#DCDFD5"
"205125590003_R05C01","RMS","#DCDFD5"
"205125590001_R01C01","RMS","#DCDFD5"
"205125590004_R05C01","RMS","#DCDFD5"
"205125590014_R07C01","RMS","#DCDFD5"
"205125590053_R01C01","RMS","#DCDFD5"
"204564460105_R08C01","RMS","#DCDFD5"
"206139120155_R01C01","RMS","#DCDFD5"
"206139120155_R08C01","RMS","#DCDFD5"
"206144080040_R02C01","RMS","#DCDFD5"
"206144080040_R03C01","RMS","#DCDFD5"
"206144080040_R05C01","RMS","#DCDFD5"
"206144080040_R07C01","RMS","#DCDFD5"
"206144080040_R08C01","RMS","#DCDFD5"
"206144080100_R01C01","RMS","#DCDFD5"
"206144080100_R02C01","RMS","#DCDFD5"
"206144080100_R03C01","RMS","#DCDFD5"
"206144080100_R04C01","RMS","#DCDFD5"
"206144080128_R05C01","RMS","#DCDFD5"
"206144080128_R06C01","RMS","#DCDFD5"
"206144080128_R07C01","RMS","#DCDFD5"
"206144080128_R08C01","RMS","#DCDFD5"
"206144080143_R03C01","RMS","#DCDFD5"
"206144080143_R04C01","RMS","#DCDFD5"
"206144080143_R05C01","RMS","#DCDFD5"
"206144080143_R07C01","RMS","#DCDFD5"
"206382220036_R08C01","RMS","#DCDFD5"
"206350360106_R01C01","RMS","#DCDFD5"
"206350360106_R03C01","RMS","#DCDFD5"
"206359150008_R01C01","RMS","#DCDFD5"
"206359150008_R03C01","RMS","#DCDFD5"
"206359150008_R04C01","RMS","#DCDFD5"
"206359150008_R06C01","RMS","#DCDFD5"
"206359150008_R07C01","RMS","#DCDFD5"
"206359150015_R02C01","RMS","#DCDFD5"
"206359150015_R03C01","RMS","#DCDFD5"
"206359150015_R04C01","RMS","#DCDFD5"
"206359150015_R05C01","RMS","#DCDFD5"
"206359150054_R02C01","RMS","#DCDFD5"
"206359150054_R05C01","RMS","#DCDFD5"
"206359150054_R06C01","RMS","#DCDFD5"
"206375080011_R01C01","RMS","#DCDFD5"
"206375080031_R02C01","RMS","#DCDFD5"
"206375080031_R03C01","RMS","#DCDFD5"
"206375080031_R05C01","RMS","#DCDFD5"
"206375080031_R08C01","RMS","#DCDFD5"
"206375080042_R01C01","RMS","#DCDFD5"
"206375080042_R02C01","RMS","#DCDFD5"
"206375080042_R03C01","RMS","#DCDFD5"
"206375080042_R06C01","RMS","#DCDFD5"
"206375080044_R02C01","RMS","#DCDFD5"
"206375080044_R07C01","RMS","#DCDFD5"
"206375080053_R02C01","RMS","#DCDFD5"
"206375080053_R06C01","RMS","#DCDFD5"
"206375080053_R07C01","RMS","#DCDFD5"
"206375080054_R01C01","RMS","#DCDFD5"
"206375080054_R02C01","RMS","#DCDFD5"
"206375080054_R03C01","RMS","#DCDFD5"
"206375080054_R04C01","RMS","#DCDFD5"
"206375080054_R05C01","RMS","#DCDFD5"
"206375080054_R06C01","RMS","#DCDFD5"
"206375080054_R08C01","RMS","#DCDFD5"
"206375080055_R01C01","RMS","#DCDFD5"
"206375080055_R02C01","RMS","#DCDFD5"
"206375080055_R03C01","RMS","#DCDFD5"
"206375080055_R04C01","RMS","#DCDFD5"
"206375080055_R05C01","RMS","#DCDFD5"
"206375080055_R06C01","RMS","#DCDFD5"
"206375080056_R01C01","RMS","#DCDFD5"
"206375080056_R02C01","RMS","#DCDFD5"
"206375080056_R03C01","RMS","#DCDFD5"
"206375080058_R08C01","RMS","#DCDFD5"
"206375080068_R01C01","RMS","#DCDFD5"
"206375080068_R02C01","RMS","#DCDFD5"
"206375080068_R05C01","RMS","#DCDFD5"
"206375080068_R07C01","RMS","#DCDFD5"
"206375080068_R08C01","RMS","#DCDFD5"
"206382220117_R04C01","RMS","#DCDFD5"
"206382220117_R06C01","RMS","#DCDFD5"
"206382220117_R07C01","RMS","#DCDFD5"
"206382220117_R08C01","RMS","#DCDFD5"
"206382220119_R01C01","RMS","#DCDFD5"
"206382220119_R02C01","RMS","#DCDFD5"
"206382220119_R04C01","RMS","#DCDFD5"
"206382220119_R05C01","RMS","#DCDFD5"
"206382220119_R06C01","RMS","#DCDFD5"
"206382220119_R07C01","RMS","#DCDFD5"
"206382220119_R08C01","RMS","#DCDFD5"
"206382220134_R01C01","RMS","#DCDFD5"
"206382220134_R02C01","RMS","#DCDFD5"
"206382220134_R04C01","RMS","#DCDFD5"
"206382220134_R06C01","RMS","#DCDFD5"
"206382220134_R07C01","RMS","#DCDFD5"
"206382220134_R08C01","RMS","#DCDFD5"
"206382220178_R01C01","RMS","#DCDFD5"
"206382220178_R02C01","RMS","#DCDFD5"
"206382220178_R03C01","RMS","#DCDFD5"
"206382220178_R05C01","RMS","#DCDFD5"
"206382220178_R06C01","RMS","#DCDFD5"
"206382220178_R07C01","RMS","#DCDFD5"
"205062740141_R03C01","RMS","#DCDFD5"
"205125590054_R03C01","RMS","#DCDFD5"
"205772280127_R07C01","RMS","#DCDFD5"
"206103060004_R01C01","RMS","#DCDFD5"
"206103060040_R04C01","RMS","#DCDFD5"
"206154070147_R02C01","RMS","#DCDFD5"
"206154070063_R04C01","RMS","#DCDFD5"
"206154070111_R05C01","RMS","#DCDFD5"
"206250280175_R02C01","RMS","#DCDFD5"
"206430120146_R07C01","RMS","#DCDFD5"
"206430120147_R03C01","RMS","#DCDFD5"
"206154070147_R06C01","RMS","#DCDFD5"
"206154070111_R06C01","RMS","#DCDFD5"
"206154070147_R05C01","RMS","#DCDFD5"
"206113360104_R07C01","RMS","#DCDFD5"
"205772280127_R08C01","RMS","#DCDFD5"
"206430120104_R02C01","RMS","#DCDFD5"
"206535560014_R01C01","RMS","#DCDFD5"
"206535560014_R03C01","RMS","#DCDFD5"
"206535560014_R04C01","RMS","#DCDFD5"
"206535560014_R05C01","RMS","#DCDFD5"
"206535560014_R06C01","RMS","#DCDFD5"
"206535560014_R07C01","RMS","#DCDFD5"
"206535560014_R08C01","RMS","#DCDFD5"
"206535560031_R01C01","RMS","#DCDFD5"
"206535560031_R02C01","RMS","#DCDFD5"
"206535560031_R03C01","RMS","#DCDFD5"
"206535560031_R04C01","RMS","#DCDFD5"
"206535560031_R05C01","RMS","#DCDFD5"
"206535560031_R06C01","RMS","#DCDFD5"
"206535560031_R07C01","RMS","#DCDFD5"
"206535560031_R08C01","RMS","#DCDFD5"
"206535560043_R01C01","RMS","#DCDFD5"
"206535560043_R02C01","RMS","#DCDFD5"
"206535560043_R03C01","RMS","#DCDFD5"
"206535560043_R05C01","RMS","#DCDFD5"
"206535560048_R07C01","RMS","#DCDFD5"
"206537460067_R01C01","RMS","#DCDFD5"
"206537460067_R02C01","RMS","#DCDFD5"
"206537460067_R03C01","RMS","#DCDFD5"
"206537460067_R05C01","RMS","#DCDFD5"
"206537460067_R06C01","RMS","#DCDFD5"
"206537460070_R01C01","RMS","#DCDFD5"
"206537460070_R07C01","RMS","#DCDFD5"
"206537460070_R08C01","RMS","#DCDFD5"
"206537460080_R04C01","RMS","#DCDFD5"
"206537460080_R06C01","RMS","#DCDFD5"
"206537460080_R08C01","RMS","#DCDFD5"
"206537460083_R01C01","RMS","#DCDFD5"
"206537460083_R03C01","RMS","#DCDFD5"
"206537460084_R04C01","RMS","#DCDFD5"
"206537460084_R06C01","RMS","#DCDFD5"
"206537460084_R07C01","MRT","#DCDFD5"
"206537460084_R08C01","EWS","#DCDFD5"
"206537460085_R02C01","RMS","#DCDFD5"
"206537460085_R03C01","EWS","#DCDFD5"
"206537460085_R07C01","RMS","#DCDFD5"
"206537460099_R01C01","RMS","#DCDFD5"
"206537460099_R02C01","RMS","#DCDFD5"
"206537460099_R04C01","RMS","#DCDFD5"
"206537460099_R05C01","RMS","#DCDFD5"
"206537460099_R06C01","RMS","#DCDFD5"
"206535560073_R01C01","RMS","#DCDFD5"
"206535560073_R02C01","RMS","#DCDFD5"
"206535560073_R03C01","RMS","#DCDFD5"
"206535560073_R04C01","RMS","#DCDFD5"
"206535560073_R06C01","RMS","#DCDFD5"
"206535560073_R07C01","RMS","#DCDFD5"
"206535560073_R08C01","RMS","#DCDFD5"
"206544450100_R01C01","RMS","#DCDFD5"
"206544450100_R02C01","RMS","#DCDFD5"
"206544450100_R06C01","RMS","#DCDFD5"
"201533640005_R04C01","SS","green"
"201533640005_R03C01","SS","green"
"201533640005_R02C01","SS","green"
"201533620050_R07C01","SS","green"
"201533620050_R05C01","SS","green"
"201533620050_R02C01","SS","green"
"201533620050_R01C01","SS","green"
"201533620048_R06C01","SS","green"
"201533620048_R05C01","SS","green"
"204596820079_R06C01","SS","green"
"204596820107_R06C01","SS","green"
"204424040068_R03C01","SS","green"
"204424040068_R04C01","SS","green"
"204424040068_R05C01","SS","green"
"204424040078_R02C01","RMS","green"
"204076530042_R05C01","SS","green"
"204848060046_R06C01","SS","green"
"204848060046_R08C01","SS","green"
"205091240148_R02C01","SS","green"
"204848060047_R02C01","SS","green"
"204848060047_R06C01","SS","green"
"204848060047_R07C01","SS","green"
"204848060047_R08C01","SS","green"
"205125590058_R05C01","SS","green"
"204848060071_R08C01","SS","green"
"204848060073_R01C01","SS","green"
"205125590058_R06C01","SS","green"
"204848060073_R03C01","SS","green"
"204848060073_R04C01","SS","green"
"205125590002_R01C01","SS","green"
"205091240041_R02C01","SS","green"
"205091240041_R06C01","SS","green"
"205025380137_R04C01","SS","green"
"205091240046_R05C01","SS","green"
"205025380139_R05C01","SS","green"
"205025380139_R07C01","MISC","green"
"205091240053_R04C01","SS","green"
"205025380147_R07C01","SS","green"
"205025380147_R08C01","SS","green"
"205025380151_R01C01","SS","green"
"205025380151_R02C01","SS","green"
"205025380151_R03C01","SS","green"
"205091240053_R05C01","SS","green"
"205091240053_R06C01","SS","green"
"205091240053_R07C01","SS","green"
"205025380151_R08C01","SS","green"
"205030230099_R01C01","SS","green"
"205111140081_R06C01","SS","green"
"204963470092_R07C01","SS","green"
"204963470092_R08C01","SS","green"
"204963470106_R01C01","SS","green"
"204963470106_R06C01","SS","green"
"204963470106_R08C01","SS","green"
"204963470111_R08C01","SS","green"
"204963470114_R02C01","SS","green"
"204963470114_R03C01","SS","green"
"204963470114_R04C01","SS","green"
"204963470114_R05C01","SS","green"
"204963470114_R06C01","SS","green"
"204963470114_R07C01","SS","green"
"204963470114_R08C01","SS","green"
"204963470120_R01C01","SS","green"
"204963470120_R02C01","SS","green"
"204963470178_R01C01","SS","green"
"204963470178_R03C01","SS","green"
"204963470178_R06C01","SS","green"
"204963470178_R07C01","SS","green"
"204963470178_R08C01","SS","green"
"204963470179_R01C01","SS","green"
"204963470179_R02C01","SS","green"
"204963470179_R03C01","SS","green"
"206137480048_R03C01","SS","green"
"201525200101_R08C01","WT","#DB5297"
"201525200105_R01C01","WT","#DB5297"
"201525200105_R02C01","WT","#DB5297"
"201525200105_R03C01","WT","#DB5297"
"201525200105_R04C01","WT","#DB5297"
"201525200105_R06C01","WT","#DB5297"
"201525200105_R07C01","WT","#DB5297"
"201525200105_R08C01","WT","#DB5297"
"201516300009_R05C01","WT","#DB5297"
"201516300009_R06C01","WT","#DB5297"
"201516300009_R07C01","WT","#DB5297"
"201525200121_R02C01","WT","#DB5297"
"201525200121_R03C01","WT","#DB5297"
"201525200121_R04C01","WT","#DB5297"
"201525200121_R05C01","WT","#DB5297"
"201525200121_R06C01","WT","#DB5297"
"201525200121_R07C01","WT","#DB5297"
"201530950082_R02C01","WT","#DB5297"
"201530950082_R03C01","WT","#DB5297"
"201530950082_R04C01","WT","#DB5297"
"201530950082_R05C01","WT","#DB5297"
"201530950082_R01C01","WT","#DB5297"
"201530950082_R06C01","WT","#DB5297"
"201530950082_R07C01","WT","#DB5297"
"201516300009_R08C01","WT","#DB5297"
"201530950082_R08C01","WT","#DB5297"
"201530950111_R01C01","WT","#DB5297"
"201530950111_R02C01","WT","#DB5297"
"201530950111_R04C01","WT","#DB5297"
"201530950111_R05C01","WT","#DB5297"
"201557560055_R07C01","WT","#DB5297"
"201530950111_R07C01","WT","#DB5297"
"201530950111_R08C01","WT","#DB5297"
"201532190017_R01C01","WT","#DB5297"
"201516300009_R02C01","WT","#DB5297"
"201532190017_R02C01","WT","#DB5297"
"201525200101_R03C01","WT","#DB5297"
"201525200101_R04C01","WT","#DB5297"
"201525200101_R05C01","WT","#DB5297"
"201525200101_R06C01","WT","#DB5297"
"202253650027_R02C01","WT","#DB5297"
"202253650027_R04C01","WT","#DB5297"
"203135920082_R04C01","WT","#DB5297"
"203271750144_R07C01","WT","#DB5297"
"201516300040_R02C01","WT","#DB5297"
"204551190111_R01C01","WT","#DB5297"
"204551190125_R05C01","WT","#DB5297"
"204551190125_R06C01","WT","#DB5297"
"204551190126_R06C01","WT","#DB5297"
"204596820028_R01C01","WT","#DB5297"
"204596820035_R01C01","WT","#DB5297"
"204596820074_R03C01","WT","#DB5297"
"204596820079_R01C01","WT","#DB5297"
"204596820079_R03C01","WT","#DB5297"
"204596820107_R05C01","WT","#DB5297"
"204596820118_R05C01","WT","#DB5297"
"204424040075_R06C01","WT","#DB5297"
"201524770036_R08C01","WT","#DB5297"
"204424030007_R01C01","WT","#DB5297"
"204424030008_R01C01","WT","#DB5297"
"204424030008_R05C01","WT","#DB5297"
"204424030008_R06C01","WT","#DB5297"
"204424030008_R07C01","WT","#DB5297"
"204424030014_R01C01","WT","#DB5297"
"204424040112_R01C01","WT","#DB5297"
"204424040112_R04C01","WT","#DB5297"
"204551190040_R04C01","WT","#DB5297"
"204848060022_R01C01","WT","#DB5297"
"205091240085_R03C01","WT","#DB5297"
"204848060022_R03C01","WT","#DB5297"
"205091240085_R04C01","WT","#DB5297"
"205091240085_R05C01","WT","#DB5297"
"204848060022_R06C01","WT","#DB5297"
"204848060022_R07C01","WT","#DB5297"
"204848060022_R08C01","WT","#DB5297"
"204848060034_R01C01","WT","#DB5297"
"204848060034_R02C01","WT","#DB5297"
"205091240085_R06C01","WT","#DB5297"
"204848060034_R04C01","WT","#DB5297"
"205091240085_R07C01","WT","#DB5297"
"205091240085_R08C01","WT","#DB5297"
"205091240086_R01C01","WT","#DB5297"
"204848060034_R08C01","WT","#DB5297"
"205091240086_R03C01","WT","#DB5297"
"205091240086_R04C01","WT","#DB5297"
"204848060036_R07C01","WT","#DB5297"
"205091240086_R06C01","WT","#DB5297"
"204848060046_R01C01","WT","#DB5297"
"205091240086_R07C01","WT","#DB5297"
"204848060046_R03C01","WT","#DB5297"
"205091240086_R08C01","WT","#DB5297"
"205091240148_R01C01","WT","#DB5297"
"204848060048_R01C01","WT","#DB5297"
"204848060048_R02C01","WT","#DB5297"
"205091240148_R06C01","WT","#DB5297"
"204848060048_R04C01","WT","#DB5297"
"204848060048_R05C01","WT","#DB5297"
"205091240148_R07C01","WT","#DB5297"
"204848060048_R07C01","WT","#DB5297"
"204848060055_R01C01","WT","#DB5297"
"204848060055_R02C01","WT","#DB5297"
"204848060055_R03C01","WT","#DB5297"
"204848060055_R04C01","WT","#DB5297"
"204848060055_R05C01","WT","#DB5297"
"205091240148_R08C01","WT","#DB5297"
"204848060055_R07C01","WT","#DB5297"
"201557560040_R02C01","MISC","#DDE051"
"201557560040_R03C01","MISC","#DDE051"
"201557560040_R04C01","MISC","#DDE051"
"201557560040_R05C01","MISC","#DDE051"
"201557560040_R01C01","MISC","#DDE051"
"201557560040_R06C01","MISC","#DDE051"
"201557560040_R07C01","MISC","#DDE051"
"201557560040_R08C01","MISC","#DDE051"
"201557560041_R01C01","MISC","#DDE051"
"201557560041_R02C01","MISC","#DDE051"
"201557560041_R07C01","MISC","#DDE051"
"201557560041_R08C01","MISC","#DDE051"
"201557560053_R01C01","MISC","#DDE051"
"201557560053_R03C01","MISC","#DDE051"
"201557560053_R04C01","MISC","#DDE051"
"201557560053_R05C01","MISC","#DDE051"
"202163550091_R05C01","MISC","#DDE051"
"201557560053_R07C01","MISC","#DDE051"
"201557560053_R08C01","MISC","#DDE051"
"201557560055_R01C01","MISC","#DDE051"
"201557560055_R02C01","MISC","#DDE051"
"201557560055_R03C01","MISC","#DDE051"
"204424040098_R06C01","MISC","#DDE051"
"204848060073_R08C01","MISC","#DDE051"
"204848060147_R01C01","MISC","#DDE051"
"204848060147_R02C01","MISC","#DDE051"
"204848060147_R03C01","MISC","#DDE051"
"205125590002_R02C01","MISC","#DDE051"
"204848060147_R06C01","MISC","#DDE051"
"204848060147_R07C01","MISC","#DDE051"
"204963470010_R06C01","WT","#DB5297"
"204963470179_R04C01","WT","#DB5297"
"204963470179_R05C01","WT","#DB5297"
"205125590004_R02C01","WT","#DB5297"
"205125590006_R02C01","WT","#DB5297"
"205125590006_R04C01","WT","#DB5297"
"205125590052_R07C01","WT","#DB5297"
"205125590053_R06C01","WT","#DB5297"
"205125590053_R07C01","WT","#DB5297"
"205125590053_R08C01","WT","#DB5297"
"205125590064_R04C01","WT","#DB5297"
"205437180087_R08C01","WT","#DB5297"
"205437180134_R02C01","WT","#DB5297"
"205437180134_R03C01","WT","#DB5297"
"205437180134_R05C01","WT","#DB5297"
"205437180134_R06C01","WT","#DB5297"
"205437180134_R07C01","WT","#DB5297"
"205437180134_R08C01","WT","#DB5297"
"205437180135_R01C01","WT","#DB5297"
"205437180135_R02C01","WT","#DB5297"
"205437180135_R03C01","WT","#DB5297"
"205437180135_R04C01","WT","#DB5297"
"205437180135_R05C01","WT","#DB5297"
"205624870090_R01C01","WT","#DB5297"
"205624870090_R03C01","WT","#DB5297"
"205624870090_R04C01","WT","#DB5297"
"205624870090_R06C01","WT","#DB5297"
"205624870090_R07C01","WT","#DB5297"
"205624870090_R08C01","WT","#DB5297"
"205624870120_R01C01","WT","#DB5297"
"205624870120_R02C01","WT","#DB5297"
"205624870120_R03C01","WT","#DB5297"
"205624870120_R04C01","WT","#DB5297"
"205624870120_R05C01","WT","#DB5297"
"205624870120_R07C01","WT","#DB5297"
"205624870120_R08C01","WT","#DB5297"
"205624870128_R01C01","WT","#DB5297"
"205624870128_R03C01","WT","#DB5297"
"205624870128_R04C01","WT","#DB5297"
"205624870128_R07C01","WT","#DB5297"
"205624870128_R08C01","WT","#DB5297"
"205624870129_R01C01","WT","#DB5297"
"205624870129_R02C01","WT","#DB5297"
"205624870129_R03C01","WT","#DB5297"
"205624870129_R04C01","WT","#DB5297"
"205624880006_R03C01","WT","#DB5297"
"205624880006_R04C01","WT","#DB5297"
"205624880006_R05C01","WT","#DB5297"
"205624880006_R06C01","WT","#DB5297"
"205624880006_R07C01","WT","#DB5297"
"205624880023_R01C01","WT","#DB5297"
"205624880023_R03C01","WT","#DB5297"
"205624880023_R04C01","WT","#DB5297"
"205624880023_R06C01","WT","#DB5297"
"205624880023_R07C01","WT","#DB5297"
"205624880023_R08C01","WT","#DB5297"
"205624880107_R01C01","WT","#DB5297"
"205624880107_R02C01","WT","#DB5297"
"205624880107_R03C01","WT","#DB5297"
"205624880107_R05C01","WT","#DB5297"
"205624880107_R08C01","WT","#DB5297"
"205624880129_R01C01","WT","#DB5297"
"205624880129_R02C01","WT","#DB5297"
"205624880129_R03C01","WT","#DB5297"
"205624880129_R04C01","WT","#DB5297"
"205624880129_R05C01","WT","#DB5297"
"205624880129_R06C01","WT","#DB5297"
"205624880129_R07C01","WT","#DB5297"
"205624880129_R08C01","WT","#DB5297"
"205624880130_R01C01","WT","#DB5297"
"205624880130_R02C01","WT","#DB5297"
"205624880130_R03C01","WT","#DB5297"
"205624880130_R07C01","WT","#DB5297"
"205624880130_R08C01","WT","#DB5297"
"205624880140_R01C01","WT","#DB5297"
"205624880140_R02C01","WT","#DB5297"
"205624880140_R03C01","WT","#DB5297"
"205624880140_R04C01","WT","#DB5297"
"205624880140_R05C01","WT","#DB5297"
"205624880140_R06C01","WT","#DB5297"
"205624880140_R07C01","WT","#DB5297"
"205624880140_R08C01","WT","#DB5297"
"205624880143_R01C01","WT","#DB5297"
"205624880143_R02C01","WT","#DB5297"
"205676380004_R03C01","WT","#DB5297"
"205676380004_R04C01","WT","#DB5297"
"205676380004_R05C01","WT","#DB5297"
"205676380004_R06C01","WT","#DB5297"
"205676380004_R07C01","WT","#DB5297"
"205676380004_R08C01","WT","#DB5297"
"205676380005_R01C01","WT","#DB5297"
"205676380005_R02C01","WT","#DB5297"
"205676380005_R03C01","WT","#DB5297"
"205676380005_R04C01","WT","#DB5297"
"205676380005_R06C01","WT","#DB5297"
"205676380005_R07C01","WT","#DB5297"
"205676380005_R08C01","WT","#DB5297"
"205676380064_R01C01","WT","#DB5297"
"205676380064_R02C01","WT","#DB5297"
"205676380064_R03C01","WT","#DB5297"
"205676380064_R04C01","WT","#DB5297"
"205676380064_R05C01","WT","#DB5297"
"205676380064_R06C01","WT","#DB5297"
"205676380064_R08C01","WT","#DB5297"
"205715830104_R05C01","OS","#7CDFDC"
"205767050015_R06C01","WT","#DB5297"
"205767050015_R07C01","WT","#DB5297"
"205767050015_R08C01","WT","#DB5297"
"205767050024_R01C01","WT","#DB5297"
"205767050024_R02C01","WT","#DB5297"
"205767050024_R03C01","WT","#DB5297"
"205767050024_R04C01","WT","#DB5297"
"205767050024_R05C01","WT","#DB5297"
"205767050024_R06C01","WT","#DB5297"
"205767050024_R07C01","WT","#DB5297"
"205767050024_R08C01","WT","#DB5297"
"205767050027_R01C01","WT","#DB5297"
"205767050027_R02C01","WT","#DB5297"
"205767050027_R03C01","WT","#DB5297"
"205767050027_R07C01","WT","#DB5297"
"205767050156_R07C01","MISC","#DDE051"
"205767050086_R07C01","WT","#DB5297"
"205767050086_R08C01","WT","#DB5297"
"205767050101_R01C01","WT","#DB5297"
"205767050101_R03C01","WT","#DB5297"
"205767050101_R06C01","WT","#DB5297"
"205767050101_R07C01","WT","#DB5297"
"205767050120_R08C01","WT","#DB5297"
"205767050121_R04C01","WT","#DB5297"
"205767050121_R07C01","WT","#DB5297"
"205767050121_R08C01","WT","#DB5297"
"205767050129_R01C01","WT","#DB5297"
"205767050129_R02C01","WT","#DB5297"
"205767050129_R03C01","WT","#DB5297"
"205767050129_R04C01","WT","#DB5297"
"205767050129_R06C01","WT","#DB5297"
"205767050129_R07C01","WT","#DB5297"
"205767050129_R08C01","WT","#DB5297"
"205767050156_R03C01","WT","#DB5297"
"205767050156_R04C01","WT","#DB5297"
"205767050156_R08C01","WT","#DB5297"
"205767050158_R01C01","WT","#DB5297"
"205767050158_R02C01","WT","#DB5297"
"205854130061_R07C01","WT","#DB5297"
"205854130061_R08C01","WT","#DB5297"
"205852210011_R04C01","WT","#DB5297"
"205852210011_R05C01","WT","#DB5297"
"205852210011_R07C01","WT","#DB5297"
"205852210011_R08C01","WT","#DB5297"
"205852210062_R01C01","WT","#DB5297"
"205852210062_R02C01","WT","#DB5297"
"205852210062_R04C01","WT","#DB5297"
"205852210062_R05C01","WT","#DB5297"
"205852210062_R06C01","WT","#DB5297"
"205852210079_R01C01","WT","#DB5297"
"205852210079_R03C01","WT","#DB5297"
"205854150062_R05C01","WT","#DB5297"
"206137480003_R05C01","WT","#DB5297"
"206137480013_R01C01","WT","#DB5297"
"206137480013_R02C01","WT","#DB5297"
"206137480013_R03C01","WT","#DB5297"
"206137480013_R06C01","WT","#DB5297"
"206137480025_R07C01","WT","#DB5297"
"206137480028_R01C01","WT","#DB5297"
"206137480028_R02C01","WT","#DB5297"
"206137480028_R03C01","WT","#DB5297"
"206137480028_R04C01","WT","#DB5297"
"206137480028_R05C01","WT","#DB5297"
"206137480028_R06C01","WT","#DB5297"
"206137480028_R07C01","WT","#DB5297"
"206137480028_R08C01","WT","#DB5297"
"206137480030_R01C01","WT","#DB5297"
"206137480030_R02C01","WT","#DB5297"
"206137480030_R03C01","WT","#DB5297"
"206137480058_R07C01","WT","#DB5297"
"206137480058_R08C01","WT","#DB5297"
"206137480013_R05C01","WT","#DB5297"
"206137480025_R08C01","WT","#DB5297"
"206137480026_R02C01","WT","#DB5297"
"206137480026_R04C01","WT","#DB5297"
"206137480026_R05C01","WT","#DB5297"
"206137480026_R07C01","WT","#DB5297"
"206137480026_R08C01","WT","#DB5297"
"206137480038_R01C01","WT","#DB5297"
"206137480048_R04C01","WT","#DB5297"
"206137480134_R05C01","WT","#DB5297"
"206139130043_R02C01","MISC","#DDE051"
"206139130043_R05C01","MISC","#DDE051"
"206139130043_R04C01","MISC","#DDE051"
"206139130043_R03C01","MISC","#DDE051"
"206139130070_R03C01","MISC","#DDE051"
"206139130055_R02C01","MISC","#DDE051"
"206144080002_R07C01","MISC","#DDE051"
"206139120161_R08C01","MISC","#DDE051"
"206144080021_R07C01","MISC","#DDE051"
"206139130024_R07C01","MISC","#DDE051"
"206144080021_R05C01","MISC","#DDE051"
"206375080051_R06C01","WT","#DB5297"
"206375080051_R07C01","WT","#DB5297"
"206375080051_R08C01","WT","#DB5297"
"206375080068_R04C01","WT","#DB5297"
"205772280148_R08C01","WT","#DB5297"
"205772290005_R01C01","WT","#DB5297"
"205772290005_R02C01","WT","#DB5297"
"205772290005_R05C01","WT","#DB5297"
"205852220042_R03C01","WT","#DB5297"
"205852220042_R04C01","WT","#DB5297"
"206103060087_R01C01","WT","#DB5297"
"206103060094_R01C01","WT","#DB5297"
"206103060094_R02C01","WT","#DB5297"
"206113360101_R05C01","MISC","#DDE051"
"206113360101_R06C01","WT","#DB5297"
"206154070072_R05C01","WT","#DB5297"
"206250280180_R03C01","WT","#DB5297"
"205030240090_R05C01","WT","#DB5297"
"205852220069_R03C01","WT","#DB5297"
"203135920118_R03C01","OS","#7CDFDC"
"204076530042_R08C01","OS","#7CDFDC"
